"eez_sovereign","length_class","s_transit","n","floor_kn","s_transit_floor"
"DMA","Less than 6m",25.78,1,5.5,25.78
"ITA","Less than 6m",17.4815,4,5.5,17.4815
"NOR","Less than 6m",32.55,5,5.5,32.55
"PRT","Less than 6m",29.415,4,5.5,29.415
"SGP","Less than 6m",28.3475,6,5.5,28.3475
"AUS","Less than 6m",24.664,2,5.5,24.664
"DEU","Less than 6m",25.004,4,5.5,25.004
"JPN","Less than 6m",29.31,9,5.5,29.31
"ESP","Less than 6m",5.05199999999999,7,5.5,5.5
"FRA","Less than 6m",23.23,1,5.5,23.23
"KOR","Less than 6m",29.747,7,5.5,29.747
"COL","Less than 6m",1.39,1,5.5,5.5
"GRC","Less than 6m",30.296,5,5.5,30.296
"USA","Less than 6m",32.994,5,5.5,32.994
"HRV","Less than 6m",27.08,1,5.5,27.08
"HKG","Less than 6m",31.955,4,5.5,31.955
"PYF","Less than 6m",25.508,3,5.5,25.508
"AGO","Less than 6m",23.58,1,5.5,23.58
"TUR","Less than 6m",30.1305,4,5.5,30.1305
"TWN","Less than 6m",25.821,2,5.5,25.821
"CAN","Less than 6m",20.55,1,5.5,20.55
"SAU","Less than 6m",2.57,1,5.5,5.5
"CHN","Less than 6m",1.212,2,5.5,5.5
"FIN","Less than 6m",6.78,1,5.5,6.78
"DNK","Less than 6m",29.16,1,5.5,29.16
"KOR","6-12m",24.8509545951407,57,6.5,24.8509545951407
"ECU","6-12m",2.082,2,6.5,6.5
"QAT","6-12m",4.317,2,6.5,6.5
"USA","6-12m",27.0992280439409,91,6.5,27.0992280439409
"BHS","6-12m",22.4205,10,6.5,22.4205
"ITA","6-12m",7.774,34,6.5,7.774
"ESP","6-12m",5.1505,44,6.5,6.5
"MRT","6-12m",1.29,1,6.5,6.5
"NOR","6-12m",29.4225,46,6.5,29.4225
"JPN","6-12m",27.4241455938065,51,6.5,27.4241455938065
"GBR","6-12m",28.942,18,6.5,28.942
"SGP","6-12m",27.2765,12,6.5,27.2765
"HKG","6-12m",26.352,28,6.5,26.352
"CHN","6-12m",19.943,39,6.5,19.943
"PRT","6-12m",30.1725,26,6.5,30.1725
"GRC","6-12m",28.494,33,6.5,28.494
"ZAF","6-12m",1.54,2,6.5,6.5
"High seas","6-12m",24.42,1,6.5,24.42
"AUS","6-12m",31.9775,24,6.5,31.9775
"FIN","6-12m",4.79,12,6.5,6.5
"TUR","6-12m",26.9105,34,6.5,26.9105
"DNK","6-12m",11.1925,6,6.5,11.1925
"BGR","6-12m",8.132,2,6.5,8.132
"CAN","6-12m",25.394,13,6.5,25.394
"FRA","6-12m",19.966,13,6.5,19.966
"SVN","6-12m",5.2385,4,6.5,6.5
"DMA","6-12m",25.0625,6,6.5,25.0625
"ARE","6-12m",29.102,15,6.5,29.102
"TWN","6-12m",26.946,9,6.5,26.946
"NLD","6-12m",28.136,7,6.5,28.136
"FRO","6-12m",14.21,1,6.5,14.21
"ISL","6-12m",13.97,4,6.5,13.97
"BRA","6-12m",1.512,3,6.5,6.5
"TTO","6-12m",1.2,1,6.5,6.5
"PYF","6-12m",22.6625,6,6.5,22.6625
"IDN","6-12m",5.435,7,6.5,6.5
"RUS","6-12m",13.3495,2,6.5,13.3495
"TZA","6-12m",29.455,6,6.5,29.455
"THA","6-12m",3.812,5,6.5,6.5
"SWE","6-12m",6.2895,4,6.5,6.5
"MNE","6-12m",2.326,2,6.5,6.5
"IND","6-12m",6.466,4,6.5,6.5
"IRN","6-12m",8.924,8,6.5,8.924
"PER","6-12m",4.04,1,6.5,6.5
"DEU","6-12m",28.9595,14,6.5,28.9595
"HRV","6-12m",27.775,11,6.5,27.775
"PAN","6-12m",2.43,1,6.5,6.5
"AZE","6-12m",22.82,3,6.5,22.82
"MEX","6-12m",3.935,7,6.5,6.5
"ISR","6-12m",1.44,1,6.5,6.5
"GRD","6-12m",1.23,1,6.5,6.5
"VNM","6-12m",12.4695,2,6.5,12.4695
"COL","6-12m",1.119,2,6.5,6.5
"MDV","6-12m",20.39,1,6.5,20.39
"GLP","6-12m",24.94,1,6.5,24.94
"CHL","6-12m",5.709,2,6.5,6.5
"GEO","6-12m",1.34,1,6.5,6.5
"CYP","6-12m",7.759,2,6.5,7.759
"MAR","6-12m",1.83,1,6.5,6.5
"NZL","6-12m",20.3485,4,6.5,20.3485
"MYS","6-12m",2.8515,2,6.5,6.5
"PHL","6-12m",1.7825,2,6.5,6.5
"IRL","6-12m",11.349,2,6.5,11.349
"SDN","6-12m",10.3,1,6.5,10.3
"BRN","6-12m",2.92,1,6.5,6.5
"EST","6-12m",2.65,1,6.5,6.5
"SAU","6-12m",3.34,1,6.5,6.5
"NOR","12-24m",3.0917999218223,33556,8,8
"ITA","12-24m",21.9095300978025,49107,8,21.9095300978025
"FRO","12-24m",3.08415306994702,1364,8,8
"FIN","12-24m",2.54623275138799,4097,8,8
"GBR","12-24m",23.8310564625609,44869,8,23.8310564625609
"ISL","12-24m",3.142502119467,5931,8,8
"ARG","12-24m",3.07658231781771,3644,8,8
"SWE","12-24m",3.65534749581529,18871,8,8
"OMN","12-24m",3.77961519431605,1686,8,8
"IRN","12-24m",3.20935730430004,13274,8,8
"CAN","12-24m",24.6664001734889,20768,8,24.6664001734889
"USA","12-24m",3.22547828159918,54603,8,8
"SEN","12-24m",2.92571538859304,1855,8,8
"MOZ","12-24m",3.61335570600993,996,8,8
"DZA","12-24m",3.99426871978873,1190,8,8
"JPN","12-24m",3.35861896696962,27325,8,8
"AUS","12-24m",4.35323441003483,29835,8,8
"VNM","12-24m",3.08274209141649,13011,8,8
"MDG","12-24m",3.3063978541802,851,8,8
"GRC","12-24m",3.60311236371153,22510,8,8
"THA","12-24m",4.08754270968936,4445,8,8
"CHN","12-24m",2.94419418073316,59594,8,8
"IND","12-24m",4.19992942476235,10284,8,8
"ESP","12-24m",3.32720325823545,58641,8,8
"IRL","12-24m",2.91796610501589,5856,8,8
"MEX","12-24m",24.1211878375311,8520,8,24.1211878375311
"DNK","12-24m",2.64237979328355,14377,8,8
"High seas","12-24m",4.58482170351609,4330,8,8
"FRA","12-24m",2.96164046748451,34869,8,8
"MHL","12-24m",4.66934116309456,614,8,8
"IDN","12-24m",3.10819212155645,29219,8,8
"BRA","12-24m",2.9071481461401,11680,8,8
"KOR","12-24m",4.64398060807703,26420,8,8
"KIR","12-24m",4.25961638789861,401,8,8
"PRT","12-24m",27.5695122712139,7975,8,27.5695122712139
"GRD","12-24m",3.2115935244902,680,8,8
"YEM","12-24m",4.250805073536,1395,8,8
"RAM","12-24m",4.72516357959419,931,8,8
"GIN","12-24m",2.74896871275054,677,8,8
"NLD","12-24m",25.5732130105307,9336,8,25.5732130105307
"MMR","12-24m",2.88062116748009,1126,8,8
"NGA","12-24m",2.88322446403174,2060,8,8
"MYS","12-24m",24.1601520542573,8011,8,24.1601520542573
"MRT","12-24m",4.34823821272271,3355,8,8
"PNG","12-24m",3.83624195824308,1383,8,8
"MAR","12-24m",2.7287277948289,2927,8,8
"DEU","12-24m",2.6561666857939,8150,8,8
"TUR","12-24m",2.86027650642116,14097,8,8
"PHL","12-24m",4.48220488618427,4960,8,8
"TWN","12-24m",4.05428488291466,8924,8,8
"QAT","12-24m",3.03559807246054,2689,8,8
"RUS","12-24m",19.0380685168642,8503,8,19.0380685168642
"CPV","12-24m",3.39324836871122,1412,8,8
"CUB","12-24m",3.31536950093686,839,8,8
"VEN","12-24m",3.92367745085091,4491,8,8
"ECU","12-24m",4.86803483513518,1780,8,8
"PRK","12-24m",2.69041064416988,1759,8,8
"MDV","12-24m",4.46700818921996,977,8,8
"NZL","12-24m",2.9074938865117,7478,8,8
"UKR","12-24m",2.86192409004841,1975,8,8
"TZA","12-24m",25.8412442914326,398,8,25.8412442914326
"KAZ","12-24m",3.17747092396545,612,8,8
"SYC","12-24m",4.4657223461163,910,8,8
"PYF","12-24m",22.5267741245555,3637,8,22.5267741245555
"GRL","12-24m",2.80575091699005,353,8,8
"GLP","12-24m",3.29321254797956,1100,8,8
"GUF","12-24m",4.59211372769504,890,8,8
"POL","12-24m",2.94173949024693,1221,8,8
"GHA","12-24m",2.95402229419691,631,8,8
"SAU","12-24m",3.46799212740383,9636,8,8
"TON","12-24m",3.6826422995397,559,8,8
"LKA","12-24m",2.80172812951019,3311,8,8
"COL","12-24m",3.97457887335611,2296,8,8
"MUS","12-24m",3.95430183082401,881,8,8
"BGR","12-24m",3.51288927033214,1515,8,8
"EST","12-24m",3.75815934729988,1807,8,8
"PAN","12-24m",3.44332018016526,1687,8,8
"STP","12-24m",3.55056293933855,250,8,8
"GNB","12-24m",2.83790112295727,517,8,8
"LTU","12-24m",2.44241981292752,540,8,8
"ZAF","12-24m",3.32269914739747,4589,8,8
"SUR","12-24m",3.87550862169054,1001,8,8
"LVA","12-24m",2.93546948135549,1074,8,8
"AGO","12-24m",4.08884484509973,995,8,8
"FJI","12-24m",3.175917939338,1582,8,8
"BRB","12-24m",3.55820345651684,1010,8,8
"BHS","12-24m",3.22744350371623,4967,8,8
"AZE","12-24m",22.0292725674533,401,8,22.0292725674533
"ISR","12-24m",3.33345150198691,532,8,8
"CHL","12-24m",4.42033201685194,3153,8,8
"DMA","12-24m",3.32913617991186,775,8,8
"ARE","12-24m",3.21588860479926,2201,8,8
"SYR","12-24m",3.65,45,8,8
"HTI","12-24m",4.19122595233355,292,8,8
"BHR","12-24m",3.22467024267496,503,8,8
"CIV","12-24m",3.91965047157296,234,8,8
"HRV","12-24m",3.01261344644928,14745,8,8
"ALB","12-24m",3.58815746825647,1997,8,8
"SLB","12-24m",4.8484736270129,1032,8,8
"TUN","12-24m",26.6843859445842,1568,8,26.6843859445842
"LBN","12-24m",22.2425076480659,246,8,22.2425076480659
"MNE","12-24m",3.09680372730744,2356,8,8
"RAA","12-24m",3.43754690103362,1806,8,8
"SLV","12-24m",3.94059751474866,176,8,8
"SOM","12-24m",3.6221205100084,746,8,8
"GEO","12-24m",2.80635252853876,307,8,8
"PLW","12-24m",4.48390819920673,176,8,8
"LCA","12-24m",3.01452093390648,701,8,8
"CYP","12-24m",2.90938957977584,1295,8,8
"GUY","12-24m",3.35695377902119,827,8,8
"SVN","12-24m",3.41407226128707,3449,8,8
"GMB","12-24m",3.19020728581923,574,8,8
"MLT","12-24m",3.40126984609837,906,8,8
"NCL","12-24m",4.61834307121743,1216,8,8
"REU","12-24m",4.28497213600781,606,8,8
"ROU","12-24m",3.52590407212474,442,8,8
"EGY","12-24m",3.13513089383597,913,8,8
"VUT","12-24m",3.57609681124074,823,8,8
"URY","12-24m",2.42385273274959,1676,8,8
"HKG","12-24m",24.3661363420901,2231,8,24.3661363420901
"SGP","12-24m",25.7651640260216,1143,8,25.7651640260216
"JAM","12-24m",3.42999726904126,622,8,8
"NAM","12-24m",3.55106468239945,1279,8,8
"TKM","12-24m",4.25083094547666,601,8,8
"ATG","12-24m",2.90886311913156,921,8,8
"BLZ","12-24m",4.38891748591291,347,8,8
"GAB","12-24m",19.2525131926267,244,8,19.2525131926267
"DOM","12-24m",4.6582738707727,1222,8,8
"BEN","12-24m",4.39639921864221,220,8,8
"SLE","12-24m",3.03248141553299,178,8,8
"LBY","12-24m",4.13662886039121,1100,8,8
"PER","12-24m",3.66333692066423,955,8,8
"BRN","12-24m",3.63801297267258,358,8,8
"CRI","12-24m",4.65197845062743,693,8,8
"SDN","12-24m",3.30523044164284,102,8,8
"KNA","12-24m",3.28824316355247,393,8,8
"HND","12-24m",4.02763966128625,360,8,8
"TTO","12-24m",3.77107236790337,1523,8,8
"WSM","12-24m",4.72391011497681,138,8,8
"COM","12-24m",3.369087887984,364,8,8
"FSM","12-24m",4.9076647736481,169,8,8
"VCT","12-24m",3.96424806917955,386,8,8
"CMR","12-24m",3.73783846017777,605,8,8
"MYT","12-24m",4.50265671280027,221,8,8
"WLF","12-24m",5.0235,38,8,8
"NIC","12-24m",4.16187443750498,393,8,8
"BEL","12-24m",3.7250831700238,855,8,8
"PAK","12-24m",2.64860959676407,1136,8,8
"KWT","12-24m",3.68748845612475,476,8,8
"BGD","12-24m",2.93740805119599,290,8,8
"KHM","12-24m",3.76410386219468,384,8,8
"LBR","12-24m",3.05492129182667,125,8,8
"TLS","12-24m",2.86595090045885,197,8,8
"GNQ","12-24m",3.52728964464842,106,8,8
"TUV","12-24m",4.20797625907626,56,8,8
"ERI","12-24m",3.56157196379319,74,8,8
"COK","12-24m",4.50680974326804,102,8,8
"KEN","12-24m",3.81273741598913,273,8,8
"TGO","12-24m",4.12,31,8,8
"GTM","12-24m",3.98119175672976,78,8,8
"COG","12-24m",3.49704384085704,82,8,8
"COD","12-24m",3.308,9,8,8
"NRU","12-24m",5.136,7,8,8
"PNG","24-50m",6.4803676091604,7665,10,10
"USA","24-50m",6.05556981871646,235842,10,10
"CHN","24-50m",3.93737679624452,554639,10,10
"HKG","24-50m",4.84077506103507,25036,10,10
"SGP","24-50m",6.05617570998679,22097,10,10
"FRA","24-50m",4.60261579202374,88685,10,10
"AUS","24-50m",5.99362538799829,85340,10,10
"MYS","24-50m",4.43693641770335,34776,10,10
"KIR","24-50m",5.93408831570553,2289,10,10
"URY","24-50m",3.95515227203175,5518,10,10
"ESP","24-50m",3.99958288994855,132640,10,10
"ITA","24-50m",5.2428923196829,120128,10,10
"DMA","24-50m",5.69946732046937,1746,10,10
"UKR","24-50m",4.88034277529056,6454,10,10
"BRN","24-50m",4.62551872794591,3051,10,10
"ERI","24-50m",5.21217792736025,154,10,10
"GBR","24-50m",4.52673543194764,118152,10,10
"TWN","24-50m",5.48481567751699,36576,10,10
"GRC","24-50m",4.67319448590286,64126,10,10
"PRT","24-50m",9.53250747688134,15035,10,10
"VNM","24-50m",3.25568691816273,50224,10,10
"NOR","24-50m",7.06507913114708,160366,10,10
"JPN","24-50m",7.77071319741853,162031,10,10
"KOR","24-50m",7.19334813803914,230515,10,10
"SWE","24-50m",4.0965378471231,46697,10,10
"RUS","24-50m",5.53301413895844,45623,10,10
"NGA","24-50m",4.05339458964072,10216,10,10
"ARG","24-50m",4.30208943085937,16605,10,10
"MDV","24-50m",5.36284209770507,4759,10,10
"ZAF","24-50m",6.00120274650205,15097,10,10
"IDN","24-50m",4.13533908278451,154443,10,10
"BRA","24-50m",4.1726738066894,34539,10,10
"DOM","24-50m",5.68407541245554,3089,10,10
"GRL","24-50m",4.79483309610619,708,10,10
"IND","24-50m",3.74076056016644,34505,10,10
"ARE","24-50m",5.13434278958229,28232,10,10
"ROU","24-50m",4.3062904264285,1297,10,10
"IRL","24-50m",4.30812932295351,14856,10,10
"DEU","24-50m",4.62452076982629,34383,10,10
"MEX","24-50m",6.4285794343343,25468,10,10
"DZA","24-50m",5.0838233049435,3877,10,10
"GLP","24-50m",6.25381872983522,2156,10,10
"SAU","24-50m",4.02248395445346,35467,10,10
"TUR","24-50m",4.7364721092269,76642,10,10
"NZL","24-50m",5.96932343955116,21084,10,10
"NLD","24-50m",4.85028597302512,47917,10,10
"GIN","24-50m",4.28469931778005,4128,10,10
"IRN","24-50m",4.09806795821388,55270,10,10
"AZE","24-50m",4.26476181187608,1906,10,10
"CYP","24-50m",5.02151813784591,4341,10,10
"RAA","24-50m",6.28346601713992,2648,10,10
"THA","24-50m",4.79848515029233,18679,10,10
"CAN","24-50m",6.9528885840895,76879,10,10
"MMR","24-50m",3.97157509432433,4485,10,10
"MUS","24-50m",6.177477922652,2107,10,10
"VEN","24-50m",5.55804964252729,9054,10,10
"SVN","24-50m",4.14964959021487,10861,10,10
"NAM","24-50m",4.92326911288175,5056,10,10
"DNK","24-50m",6.26882455865832,45526,10,10
"FIN","24-50m",4.81500006991125,15439,10,10
"ISR","24-50m",4.70990417563972,1454,10,10
"VUT","24-50m",5.73367122185559,2942,10,10
"PHL","24-50m",5.30581372745971,28797,10,10
"BHS","24-50m",6.70695054606205,20062,10,10
"LCA","24-50m",4.16972343616758,1780,10,10
"ALB","24-50m",5.43216226013583,4100,10,10
"EGY","24-50m",4.69197583775986,4775,10,10
"LVA","24-50m",4.65960925946707,2958,10,10
"MLT","24-50m",3.72259940978243,2612,10,10
"TON","24-50m",5.25348480969703,1444,10,10
"CPV","24-50m",6.07496495525649,1433,10,10
"HRV","24-50m",6.66227413779283,50317,10,10
"PRK","24-50m",4.1321965240257,15581,10,10
"MHL","24-50m",6.16580433790211,1609,10,10
"COL","24-50m",5.7070644938866,6261,10,10
"COM","24-50m",5.91942797294273,631,10,10
"CHL","24-50m",6.02850950154781,14514,10,10
"CMR","24-50m",4.68020268412332,3496,10,10
"ISL","24-50m",5.34239416226993,17691,10,10
"SOM","24-50m",4.6588129428225,3531,10,10
"TUN","24-50m",4.58362906100261,4515,10,10
"TKM","24-50m",4.87237340845535,2002,10,10
"SLB","24-50m",5.93913139033951,5911,10,10
"TTO","24-50m",5.21367918873878,3288,10,10
"JAM","24-50m",4.71045849289537,1436,10,10
"LKA","24-50m",3.98189087610286,2885,10,10
"QAT","24-50m",4.83604288967286,9433,10,10
"MNE","24-50m",3.92090061523006,4331,10,10
"ECU","24-50m",6.34153356865512,6262,10,10
"HND","24-50m",5.37251560939574,1000,10,10
"OMN","24-50m",4.91995063145421,10265,10,10
"MOZ","24-50m",4.10088625957532,4764,10,10
"PER","24-50m",7.01345611334121,5594,10,10
"High seas","24-50m",4.7281803705455,16164,10,10
"TZA","24-50m",25.7761130672967,1366,10,25.7761130672967
"PYF","24-50m",5.17052021261326,7049,10,10
"MRT","24-50m",4.13094448538675,9759,10,10
"MDG","24-50m",4.11044892300993,4199,10,10
"YEM","24-50m",5.0964328807208,5937,10,10
"GAB","24-50m",4.57890866485733,1711,10,10
"KWT","24-50m",5.11905323753623,5163,10,10
"BGD","24-50m",4.17131205033995,1401,10,10
"LBN","24-50m",5.49653947509836,754,10,10
"BGR","24-50m",3.78005810719497,3766,10,10
"AGO","24-50m",4.32144760773971,5362,10,10
"LBY","24-50m",4.23369170866152,2645,10,10
"FRO","24-50m",4.4766181027142,4635,10,10
"PAN","24-50m",5.5106476162949,5785,10,10
"SUR","24-50m",3.91759056993015,1496,10,10
"SEN","24-50m",4.66337509874415,5071,10,10
"RAM","24-50m",5.00444388449142,1534,10,10
"SYC","24-50m",5.48255274735061,2840,10,10
"FJI","24-50m",4.78299053559516,4885,10,10
"MAR","24-50m",4.68380520741494,7163,10,10
"BEL","24-50m",4.3301241022784,2630,10,10
"ATG","24-50m",4.47295281697705,1780,10,10
"NCL","24-50m",5.67030342872438,2870,10,10
"GMB","24-50m",5.10347321423205,1610,10,10
"BEN","24-50m",4.26211260029156,888,10,10
"KEN","24-50m",5.26011008360333,766,10,10
"KAZ","24-50m",4.62800617098456,1369,10,10
"LTU","24-50m",5.75898738325274,2071,10,10
"GHA","24-50m",4.81866646602033,2501,10,10
"GUY","24-50m",5.65021959658839,1308,10,10
"CUB","24-50m",4.98699296502815,2055,10,10
"BRB","24-50m",4.97218170234626,1133,10,10
"GEO","24-50m",3.89517580719141,881,10,10
"PLW","24-50m",5.97984444507792,529,10,10
"EST","24-50m",3.82032595467812,4220,10,10
"REU","24-50m",6.34598810722887,925,10,10
"GNB","24-50m",4.01337910219448,2359,10,10
"LBR","24-50m",3.83163580222469,337,10,10
"HTI","24-50m",5.04396866804033,726,10,10
"GRD","24-50m",4.45238138503876,1169,10,10
"POL","24-50m",3.67145300630743,2477,10,10
"MYT","24-50m",7.00481392261954,834,10,10
"PAK","24-50m",2.96644351034904,3663,10,10
"CRI","24-50m",5.46337531599521,1825,10,10
"SLV","24-50m",5.61530231763899,331,10,10
"SLE","24-50m",3.55264155341177,947,10,10
"STP","24-50m",3.8396050567845,415,10,10
"GNQ","24-50m",3.7558666222445,277,10,10
"BLZ","24-50m",6.23179602877257,1368,10,10
"NIC","24-50m",6.27366222560473,874,10,10
"TLS","24-50m",3.6923043964433,548,10,10
"COK","24-50m",5.77617189200174,749,10,10
"VCT","24-50m",4.19620418899423,344,10,10
"KNA","24-50m",5.73557115470336,1053,10,10
"TUV","24-50m",5.92192002151096,369,10,10
"KHM","24-50m",3.54797312800201,1407,10,10
"BHR","24-50m",4.80193734486877,2033,10,10
"SDN","24-50m",4.31533428197468,253,10,10
"GUF","24-50m",3.87547581128821,993,10,10
"CIV","24-50m",5.02531922698945,1024,10,10
"COG","24-50m",3.79277759161576,569,10,10
"SYR","24-50m",3.6545404904528,153,10,10
"WLF","24-50m",6.03418112607941,124,10,10
"WSM","24-50m",6.65454816230201,530,10,10
"TGO","24-50m",6.13205724661569,152,10,10
"FSM","24-50m",6.52951934080049,574,10,10
"GTM","24-50m",4.46938781224192,148,10,10
"COD","24-50m",4.35183052632674,55,10,10
"NRU","24-50m",7.821,23,10,10
"DJI","24-50m",2.171,2,10,10
"High seas","Over 50m",12.2129736265129,75790,12,12.2129736265129
"KOR","Over 50m",11.1101404014196,304535,12,12
"HKG","Over 50m",8.4649524229027,42678,12,12
"USA","Over 50m",12.6467749905225,256838,12,12.6467749905225
"BRA","Over 50m",12.1763868573588,120899,12,12.1763868573588
"NOR","Over 50m",10.9930649023214,151533,12,12
"POL","Over 50m",10.1332608375392,4333,12,12
"CHN","Over 50m",9.9656502131747,1043523,12,12
"MYS","Over 50m",11.7605017706224,108070,12,12
"JPN","Over 50m",10.8917422470531,428558,12,12
"MEX","Over 50m",12.9243999563785,90505,12,12.9243999563785
"CAN","Over 50m",12.9927691733322,46841,12,12.9927691733322
"RUS","Over 50m",9.55398937157537,127190,12,12
"DZA","Over 50m",11.9108696289365,51373,12,12
"AUS","Over 50m",12.1970055119679,134075,12,12.1970055119679
"GBR","Over 50m",11.9039236944786,216726,12,12
"IDN","Over 50m",11.2957407611297,411101,12,12
"PHL","Over 50m",11.6180684180937,189014,12,12
"SGP","Over 50m",9.06347044835701,51101,12,12
"ZAF","Over 50m",12.0510963813139,80354,12,12.0510963813139
"FRA","Over 50m",12.144979156388,83174,12,12.144979156388
"VEN","Over 50m",12.5034716758852,18507,12,12.5034716758852
"PRT","Over 50m",12.0566039702119,72142,12,12.0566039702119
"MAR","Over 50m",12.4679678138222,34475,12,12.4679678138222
"ARG","Over 50m",10.6956859992607,18454,12,12
"IND","Over 50m",11.8704222114028,156608,12,12
"PNG","Over 50m",12.3865998115755,39403,12,12.3865998115755
"SWE","Over 50m",10.9244411721126,96095,12,12
"DNK","Over 50m",11.671226095255,65745,12,12
"TUR","Over 50m",10.6185383291308,179936,12,12
"YEM","Over 50m",12.2960660438071,73624,12,12.2960660438071
"SAU","Over 50m",11.7301774710754,119654,12,12
"ISL","Over 50m",9.85733280397878,9132,12,12
"PRK","Over 50m",10.1333183423552,9516,12,12
"VNM","Over 50m",11.8999353107466,130177,12,12
"CUB","Over 50m",12.8367009497549,28104,12,12.8367009497549
"TWN","Over 50m",12.1816782620563,83659,12,12.1816782620563
"NLD","Over 50m",11.4882617422679,101819,12,12
"ITA","Over 50m",12.6743406813635,185886,12,12.6743406813635
"ESP","Over 50m",12.2358143354857,218507,12,12.2358143354857
"PAK","Over 50m",12.4772344680484,11520,12,12.4772344680484
"CRI","Over 50m",13.3507829955948,4953,12,13.3507829955948
"CHL","Over 50m",11.1223766454007,29486,12,12
"IRN","Over 50m",11.5581686363706,175734,12,12
"NGA","Over 50m",10.1203506711908,13203,12,12
"IRL","Over 50m",11.6656789909752,10325,12,12
"ARE","Over 50m",7.5149870077613,51221,12,12
"OMN","Over 50m",12.0422463089371,51800,12,12.0422463089371
"SLB","Over 50m",12.60904874448,4661,12,12.60904874448
"DEU","Over 50m",11.4392354220001,51810,12,12
"PAN","Over 50m",12.8916534114168,24602,12,12.8916534114168
"HRV","Over 50m",13.0493167200133,28889,12,13.0493167200133
"DOM","Over 50m",12.8863318923881,14957,12,12.8863318923881
"BEN","Over 50m",11.0414301690375,4405,12,12
"MOZ","Over 50m",12.2264129886394,20279,12,12.2264129886394
"LVA","Over 50m",10.034542478904,10737,12,12
"BHS","Over 50m",13.3648506582358,45707,12,13.3648506582358
"STP","Over 50m",12.3405127039406,1393,12,12.3405127039406
"GRC","Over 50m",12.2539425831297,176711,12,12.2539425831297
"MMR","Over 50m",12.0199034322458,18146,12,12.0199034322458
"QAT","Over 50m",9.06288321728285,7610,12,12
"TON","Over 50m",11.8016886508119,757,12,12
"RAA","Over 50m",13.0760731412072,9154,12,13.0760731412072
"AGO","Over 50m",10.5477501046828,10624,12,12
"MRT","Over 50m",10.7236802859161,17771,12,12
"NAM","Over 50m",12.1908809867045,11960,12,12.1908809867045
"CMR","Over 50m",9.1282520543615,3886,12,12
"PLW","Over 50m",12.2545221811279,1291,12,12.2545221811279
"EGY","Over 50m",11.9901841198917,50259,12,12
"SLE","Over 50m",11.9769752116501,2949,12,12
"TTO","Over 50m",11.6476231656765,10244,12,12
"LBN","Over 50m",11.0332641533135,5710,12,12
"MDV","Over 50m",12.7615564229794,8808,12,12.7615564229794
"FIN","Over 50m",10.3002145418922,31106,12,12
"SDN","Over 50m",11.0530993527459,3322,12,12
"GHA","Over 50m",11.9146288258301,4516,12,12
"LKA","Over 50m",12.4223159644319,42146,12,12.4223159644319
"NZL","Over 50m",12.6825816259259,15825,12,12.6825816259259
"ECU","Over 50m",13.0611420015684,5928,12,13.0611420015684
"THA","Over 50m",11.3441329387427,31405,12,12
"COL","Over 50m",12.5001154672521,22533,12,12.5001154672521
"KAZ","Over 50m",9.39964469190931,6116,12,12
"DMA","Over 50m",12.6206065548594,1341,12,12.6206065548594
"PYF","Over 50m",12.1634707658765,2837,12,12.1634707658765
"URY","Over 50m",12.0294205150583,18676,12,12.0294205150583
"MDG","Over 50m",12.1732912620925,10828,12,12.1732912620925
"ATG","Over 50m",12.5990167067223,1801,12,12.5990167067223
"GEO","Over 50m",11.0586069499532,2111,12,12
"AZE","Over 50m",8.31781529295428,8358,12,12
"BLZ","Over 50m",12.9631058998241,3485,12,12.9631058998241
"GAB","Over 50m",11.2297466803877,4364,12,12
"BGR","Over 50m",10.2662954485437,13827,12,12
"GIN","Over 50m",9.98064338630433,8413,12,12
"CIV","Over 50m",12.3852381198221,5008,12,12.3852381198221
"ROU","Over 50m",10.0912706491598,5878,12,12
"BGD","Over 50m",10.7194177520699,4605,12,12
"KWT","Over 50m",8.0178372411677,6964,12,12
"FRO","Over 50m",10.3962578489353,4645,12,12
"FJI","Over 50m",11.3044639874647,2160,12,12
"GUY","Over 50m",11.1187986784119,8552,12,12
"SYC","Over 50m",12.2578702093249,6479,12,12.2578702093249
"JAM","Over 50m",12.8962062440013,15833,12,12.8962062440013
"NIC","Over 50m",13.2265151830057,3697,12,13.2265151830057
"TKM","Over 50m",8.70768128637939,7333,12,12
"CYP","Over 50m",11.3661496288303,19026,12,12
"COG","Over 50m",13.3680114281911,1319,12,13.3680114281911
"BRN","Over 50m",11.0868089841676,6381,12,12
"UKR","Over 50m",10.2420943224852,36635,12,12
"GMB","Over 50m",12.3049994601268,3218,12,12.3049994601268
"VCT","Over 50m",12.237398354178,1181,12,12.237398354178
"TZA","Over 50m",11.8742607941567,4053,12,12
"LBY","Over 50m",11.5450035787023,10411,12,12
"TUN","Over 50m",11.5143035874214,13052,12,12
"MUS","Over 50m",12.365823734405,13293,12,12.365823734405
"GLP","Over 50m",12.7527161226819,2476,12,12.7527161226819
"SEN","Over 50m",12.2856859978903,10124,12,12.2856859978903
"EST","Over 50m",10.3255393762605,12612,12,12
"ERI","Over 50m",11.0427381948428,547,12,12
"GNB","Over 50m",11.9469293813357,2754,12,12
"SOM","Over 50m",10.5621799385805,4630,12,12
"BRB","Over 50m",12.5129515788941,4401,12,12.5129515788941
"MNE","Over 50m",12.3222615739429,4896,12,12.3222615739429
"MHL","Over 50m",10.8397604075562,1971,12,12
"KIR","Over 50m",9.76261562984871,2749,12,12
"CPV","Over 50m",12.0719109214435,3965,12,12.0719109214435
"BEL","Over 50m",12.0685682141882,11836,12,12.0685682141882
"SYR","Over 50m",11.2694945399402,2098,12,12
"COM","Over 50m",12.3344576653277,3540,12,12.3344576653277
"HND","Over 50m",13.1224829339418,3320,12,13.1224829339418
"SVN","Over 50m",12.6309474873426,3802,12,12.6309474873426
"ALB","Over 50m",12.1992293570236,8907,12,12.1992293570236
"PER","Over 50m",13.0357639511497,8386,12,13.0357639511497
"ISR","Over 50m",11.7424328631788,4052,12,12
"KNA","Over 50m",11.975972279993,2870,12,12
"KEN","Over 50m",12.2748592354339,3007,12,12.2748592354339
"RAM","Over 50m",12.5168415230404,6925,12,12.5168415230404
"SUR","Over 50m",12.2292270856482,3692,12,12.2292270856482
"HTI","Over 50m",12.6747517579562,7306,12,12.6747517579562
"NCL","Over 50m",12.8524960131629,3920,12,12.8524960131629
"GRD","Over 50m",12.8492218468692,2823,12,12.8492218468692
"MLT","Over 50m",11.4979231100632,2370,12,12
"LCA","Over 50m",11.3928797081633,775,12,12
"SLV","Over 50m",13.0990114653467,912,12,13.0990114653467
"REU","Over 50m",12.2875037890098,1847,12,12.2875037890098
"LBR","Over 50m",12.6817542572615,2763,12,12.6817542572615
"KHM","Over 50m",12.188921952242,4253,12,12.188921952242
"MYT","Over 50m",12.2394739130756,1723,12,12.2394739130756
"BHR","Over 50m",5.1765330311211,298,12,12
"GNQ","Over 50m",11.9591302606278,1051,12,12
"WLF","Over 50m",10.7794359429799,115,12,12
"GUF","Over 50m",12.587158135759,1842,12,12.587158135759
"VUT","Over 50m",12.2687958104464,1090,12,12.2687958104464
"GRL","Over 50m",9.67944751808086,1580,12,12
"LTU","Over 50m",8.67002008926262,1003,12,12
"TLS","Over 50m",8.9077759953418,613,12,12
"GTM","Over 50m",13.5902153551171,332,12,13.5902153551171
"FSM","Over 50m",12.4052958670533,3281,12,12.4052958670533
"TGO","Over 50m",12.0561679977567,534,12,12.0561679977567
"COD","Over 50m",9.6422101129854,381,12,12
"NRU","Over 50m",10.0863215424864,186,12,12
"COK","Over 50m",13.3871857790276,316,12,13.3871857790276
"WSM","Over 50m",12.176184733223,240,12,12.176184733223
"TUV","Over 50m",10.6890460675484,503,12,12
"IRQ","Over 50m",1.76,1,12,12
"DJI","Over 50m",1.67,1,12,12
