"X","Y"
-160.5,-85.4816907017498
-159.5,-85.4816907017498
-158.5,-85.4816907017498
-157.5,-85.4816907017498
-156.5,-85.4816907017498
-179.5,-84.4851035747189
-178.5,-84.4851035747189
-177.5,-84.4851035747189
-176.5,-84.4851035747189
-175.5,-84.4851035747189
-174.5,-84.4851035747189
-173.5,-84.4851035747189
-172.5,-84.4851035747189
-171.5,-84.4851035747189
-170.5,-84.4851035747189
-169.5,-84.4851035747189
-168.5,-84.4851035747189
-167.5,-84.4851035747189
-166.5,-84.4851035747189
176.5,-84.4851035747189
177.5,-84.4851035747189
178.5,-84.4851035747189
179.5,-84.4851035747189
-61.5,-83.4874802278987
-60.5,-83.4874802278987
-59.5000000000002,-83.4874802278987
-58.4999999999998,-83.4874802278987
-57.5000000000002,-83.4874802278987
167.5,-83.4874802278987
168.5,-83.4874802278987
169.5,-83.4874802278987
170.5,-83.4874802278987
171.5,-83.4874802278987
172.5,-83.4874802278987
173.5,-83.4874802278987
174.5,-83.4874802278987
175.5,-83.4874802278987
-65.4999999999999,-82.4892350057204
-64.5000000000004,-82.4892350057204
-63.4999999999995,-82.4892350057204
-62.5000000000004,-82.4892350057204
-61.4999999999999,-82.4892350057204
-60.5000000000001,-82.4892350057204
-59.5000000000001,-82.4892350057204
-57.5,-82.4892350057204
-56.5,-82.4892350057204
-55.5000000000002,-82.4892350057204
-54.5,-82.4892350057204
-53.5,-82.4892350057204
-52.5,-82.4892350057204
-51.4999999999999,-82.4892350057204
-50.4999999999999,-82.4892350057204
-47.4999999999997,-82.4892350057204
-46.5000000000001,-82.4892350057204
-45.5000000000001,-82.4892350057204
-44.5000000000002,-82.4892350057204
-43.4999999999997,-82.4892350057204
161.5,-82.4892350057204
162.5,-82.4892350057204
163.5,-82.4892350057204
164.5,-82.4892350057204
165.5,-82.4892350057204
166.5,-82.4892350057204
-153.5,-81.4905872465243
-152.5,-81.4905872465243
-151.5,-81.4905872465243
-51.4999999999999,-81.4905872465243
-50.4999999999999,-81.4905872465243
-49.5,-81.4905872465243
-48.5000000000001,-81.4905872465243
-47.4999999999997,-81.4905872465243
-46.5000000000001,-81.4905872465243
-45.5000000000002,-81.4905872465243
-44.5,-81.4905872465243
-43.4999999999997,-81.4905872465243
-42.5000000000003,-81.4905872465243
-41.5,-81.4905872465243
-40.4999999999998,-81.4905872465243
-39.5,-81.4905872465243
-37.5,-81.4905872465243
-36.5000000000002,-81.4905872465243
160.5,-81.4905872465243
161.5,-81.4905872465243
162.5,-81.4905872465243
-149.5,-80.4916639175871
-148.5,-80.4916639175871
-79.5000000000007,-80.4916639175871
-78.4999999999994,-80.4916639175871
-77.5,-80.4916639175871
-76.5000000000001,-80.4916639175871
-75.5000000000003,-80.4916639175871
-74.5,-80.4916639175871
-73.4999999999997,-80.4916639175871
-72.5000000000001,-80.4916639175871
-71.4999999999999,-80.4916639175871
-70.4999999999999,-80.4916639175871
-69.5000000000004,-80.4916639175871
-68.4999999999997,-80.4916639175871
-67.5000000000002,-80.4916639175871
-66.4999999999996,-80.4916639175871
-65.5000000000001,-80.4916639175871
-64.5000000000005,-80.4916639175871
-63.4999999999997,-80.4916639175871
-62.5,-80.4916639175871
-61.5,-80.4916639175871
-60.5000000000001,-80.4916639175871
-37.5,-80.4916639175871
-36.5000000000003,-80.4916639175871
-35.4999999999998,-80.4916639175871
-34.5000000000001,-80.4916639175871
-33.5,-80.4916639175871
-32.4999999999997,-80.4916639175871
-31.5000000000002,-80.4916639175871
-30.4999999999999,-80.4916639175871
-29.4999999999999,-80.4916639175871
-28.5000000000005,-80.4916639175871
-27.4999999999996,-80.4916639175871
-26.5000000000004,-80.4916639175871
-25.4999999999995,-80.4916639175871
-24.4999999999999,-80.4916639175871
-23.5000000000005,-80.4916639175871
158.5,-80.4916639175871
159.5,-80.4916639175871
160.5,-80.4916639175871
-150.5,-79.4925436015971
-149.5,-79.4925436015971
-148.5,-79.4925436015971
-82.5000000000002,-79.4925436015971
-81.5,-79.4925436015971
-80.4999999999996,-79.4925436015971
-79.5000000000005,-79.4925436015971
-77.5000000000002,-79.4925436015971
-58.4999999999997,-79.4925436015971
-57.5000000000002,-79.4925436015971
-56.5000000000002,-79.4925436015971
-55.4999999999999,-79.4925436015971
-53.4999999999998,-79.4925436015971
-52.5000000000002,-79.4925436015971
-51.4999999999999,-79.4925436015971
-50.5,-79.4925436015971
-29.5,-79.4925436015971
-28.5000000000002,-79.4925436015971
-27.4999999999999,-79.4925436015971
-26.5000000000001,-79.4925436015971
-25.4999999999998,-79.4925436015971
-24.5,-79.4925436015971
-23.5000000000001,-79.4925436015971
159.5,-79.4925436015971
160.5,-79.4925436015971
-162.5,-78.4932775336903
-161.5,-78.4932775336902
-155.5,-78.4932775336902
-154.5,-78.4932775336902
-83.5000000000002,-78.4932775336902
-82.5000000000003,-78.4932775336903
-81.4999999999999,-78.4932775336903
-69.5000000000001,-78.4932775336902
-68.4999999999999,-78.4932775336902
-52.5000000000001,-78.4932775336903
-51.4999999999999,-78.4932775336903
-50.5,-78.4932775336902
-49.5,-78.4932775336903
-48.5000000000001,-78.4932775336903
-45.5000000000003,-78.4932775336902
-44.5,-78.4932775336902
-34.5000000000001,-78.4932775336903
161.5,-78.4932775336902
162.5,-78.4932775336902
-157.5,-77.4939005407419
-156.5,-77.4939005407419
-155.5,-77.4939005407419
-154.5,-77.4939005407419
-153.5,-77.4939005407418
-152.5,-77.4939005407419
-151.5,-77.4939005407419
-150.5,-77.4939005407418
-149.5,-77.4939005407419
-148.5,-77.4939005407418
-147.5,-77.4939005407418
-146.5,-77.4939005407418
-145.5,-77.4939005407418
-83.5000000000001,-77.4939005407418
-81.5,-77.4939005407418
-79.5000000000003,-77.4939005407418
-78.5,-77.4939005407418
-77.5,-77.4939005407419
-76.4999999999999,-77.4939005407419
-75.5000000000002,-77.4939005407419
-71.5000000000001,-77.4939005407418
-70.4999999999999,-77.4939005407418
-69.5000000000001,-77.4939005407418
-68.5,-77.4939005407418
-49.4999999999999,-77.4939005407418
-48.5000000000001,-77.4939005407418
-47.4999999999998,-77.4939005407418
-46.4999999999998,-77.4939005407418
-34.5000000000001,-77.4939005407418
-33.5000000000002,-77.4939005407418
-32.4999999999997,-77.4939005407418
-31.5000000000001,-77.4939005407419
162.5,-77.4939005407418
163.5,-77.4939005407419
164.5,-77.4939005407418
-149.5,-76.494437118767
-148.5,-76.494437118767
-74.5000000000001,-76.494437118767
-73.4999999999998,-76.494437118767
-72.5,-76.494437118767
-71.5000000000001,-76.494437118767
-70.4999999999999,-76.494437118767
-69.5000000000002,-76.494437118767
-68.5,-76.494437118767
-67.5000000000002,-76.494437118767
-29.4999999999998,-76.494437118767
-28.5000000000004,-76.494437118767
-27.5,-76.494437118767
-26.5,-76.494437118767
162.5,-76.494437118767
-145.5,-75.4949049955595
-144.5,-75.4949049955595
-143.5,-75.4949049955595
-142.5,-75.4949049955595
-141.5,-75.4949049955595
-140.5,-75.4949049955595
-139.5,-75.4949049955595
-138.5,-75.4949049955595
-137.5,-75.4949049955595
-136.5,-75.4949049955595
-111.5,-75.4949049955595
-110.5,-75.4949049955595
-109.5,-75.4949049955595
-108.5,-75.4949049955595
-107.5,-75.4949049955595
-106.5,-75.4949049955595
-105.5,-75.4949049955595
-104.5,-75.4949049955595
-103.5,-75.4949049955595
-102.5,-75.4949049955595
-101.5,-75.4949049955595
-100.5,-75.4949049955595
-99.5000000000004,-75.4949049955595
-98.5000000000001,-75.4949049955595
-66.4999999999998,-75.4949049955595
-25.5,-75.4949049955595
-24.4999999999999,-75.4949049955595
-23.5000000000003,-75.4949049955595
-22.4999999999998,-75.4949049955595
-21.4999999999998,-75.4949049955595
-20.5000000000002,-75.4949049955595
-19.5,-75.4949049955595
-18.4999999999997,-75.4949049955595
160.5,-75.4949049955595
161.5,-75.4949049955595
162.5,-75.4949049955595
-135.5,-74.4953173142654
-134.5,-74.4953173142654
-133.5,-74.4953173142654
-132.5,-74.4953173142654
-131.5,-74.4953173142654
-130.5,-74.4953173142654
-129.5,-74.4953173142654
-128.5,-74.4953173142654
-127.5,-74.4953173142654
-126.5,-74.4953173142654
-125.5,-74.4953173142654
-124.5,-74.4953173142654
-123.5,-74.4953173142654
-122.5,-74.4953173142654
-121.5,-74.4953173142655
-120.5,-74.4953173142654
-119.5,-74.4953173142654
-118.5,-74.4953173142654
-117.5,-74.4953173142654
-116.5,-74.4953173142654
-115.5,-74.4953173142654
-114.5,-74.4953173142654
-113.5,-74.4953173142654
-112.5,-74.4953173142654
-111.5,-74.4953173142654
-110.5,-74.4953173142654
-109.5,-74.4953173142654
-108.5,-74.4953173142654
-107.5,-74.4953173142654
-106.5,-74.4953173142654
-104.5,-74.4953173142654
-103.5,-74.4953173142654
-102.5,-74.4953173142655
-99.5000000000005,-74.4953173142654
-63.4999999999996,-74.4953173142654
-62.5000000000002,-74.4953173142654
-22.4999999999999,-74.4953173142654
-21.4999999999998,-74.4953173142654
-20.5000000000004,-74.4953173142654
-19.4999999999998,-74.4953173142654
-18.4999999999998,-74.4953173142654
-17.5000000000001,-74.4953173142654
-16.5000000000003,-74.4953173142654
-15.4999999999999,-74.4953173142654
-14.5000000000001,-74.4953173142654
162.5,-74.4953173142654
-123.5,-73.4956840229422
-121.5,-73.4956840229422
-120.5,-73.4956840229422
-119.5,-73.4956840229422
-113.5,-73.4956840229422
-99.5000000000004,-73.4956840229422
-98.5000000000003,-73.4956840229422
-97.4999999999997,-73.4956840229422
-96.4999999999998,-73.4956840229423
-95.5000000000004,-73.4956840229422
-94.4999999999996,-73.4956840229422
-93.4999999999999,-73.4956840229422
-92.5000000000006,-73.4956840229422
-91.4999999999999,-73.4956840229422
-90.4999999999999,-73.4956840229422
-88.5000000000001,-73.4956840229422
-87.4999999999994,-73.4956840229422
-86.5000000000001,-73.4956840229422
-85.5000000000004,-73.4956840229422
-84.4999999999996,-73.4956840229422
-83.4999999999999,-73.4956840229422
-82.5000000000006,-73.4956840229422
-81.4999999999998,-73.4956840229422
-80.4999999999997,-73.4956840229422
-79.5000000000003,-73.4956840229422
-78.4999999999999,-73.4956840229422
-77.5000000000001,-73.4956840229422
-76.4999999999998,-73.4956840229422
-75.5000000000002,-73.4956840229422
-74.5,-73.4956840229423
-73.4999999999998,-73.4956840229423
-72.5,-73.4956840229423
-71.5000000000002,-73.4956840229422
-70.5,-73.4956840229422
-69.5000000000001,-73.4956840229423
-68.4999999999998,-73.4956840229423
-62.5000000000001,-73.4956840229422
-61.4999999999999,-73.4956840229422
-60.5000000000001,-73.4956840229422
-18.4999999999999,-73.4956840229422
-17.5000000000001,-73.4956840229423
-16.5000000000003,-73.4956840229423
-15.5,-73.4956840229423
-14.4999999999999,-73.4956840229422
66.4999999999999,-73.4956840229422
67.5000000000001,-73.4956840229422
164.5,-73.4956840229422
165.5,-73.4956840229422
166.5,-73.4956840229422
-102.5,-72.4960127877228
-97.5,-72.4960127877228
-90.5,-72.4960127877228
-89.5,-72.4960127877228
-88.5000000000002,-72.4960127877228
-78.4999999999998,-72.4960127877228
-74.5,-72.4960127877227
-67.5,-72.4960127877228
-66.5,-72.4960127877228
-62.5000000000002,-72.4960127877228
-61.4999999999998,-72.4960127877228
-60.5000000000003,-72.4960127877228
-59.5,-72.4960127877228
-14.5,-72.4960127877228
-13.5,-72.4960127877228
-12.5000000000002,-72.4960127877228
-11.4999999999999,-72.4960127877228
66.5,-72.4960127877228
67.5,-72.4960127877228
68.4999999999997,-72.4960127877228
69.5,-72.4960127877228
70.5000000000003,-72.4960127877228
166.5,-72.4960127877228
168.5,-72.4960127877228
169.5,-72.4960127877228
-101.5,-71.4963096098232
-100.5,-71.4963096098232
-99.4999999999999,-71.4963096098232
-98.5000000000001,-71.4963096098232
-96.4999999999999,-71.4963096098232
-73.5000000000002,-71.4963096098232
-69.5000000000001,-71.4963096098232
-68.4999999999998,-71.4963096098232
-62.5000000000002,-71.4963096098232
-61.5000000000001,-71.4963096098232
-10.5,-71.4963096098232
-9.49999999999994,-71.4963096098232
-8.50000000000014,-71.4963096098232
-7.49999999999969,-71.4963096098232
-6.50000000000007,-71.4963096098232
-5.5000000000001,-71.4963096098232
-4.49999999999994,-71.4963096098232
-3.50000000000022,-71.4963096098232
-2.49999999999988,-71.4963096098232
-1.50000000000008,-71.4963096098232
-0.499999999999957,-71.4963096098232
0.499999999999944,-71.4963096098232
1.50000000000008,-71.4963096098232
25.4999999999997,-71.4963096098232
26.5000000000002,-71.4963096098232
67.5000000000001,-71.4963096098232
68.4999999999998,-71.4963096098232
69.5,-71.4963096098232
70.5000000000003,-71.4963096098232
71.5,-71.4963096098232
162.5,-71.4963096098232
167.5,-71.4963096098232
168.5,-71.4963096098232
169.5,-71.4963096098232
170.5,-71.4963096098232
-71.5000000000001,-70.4965792527237
-70.5000000000001,-70.4965792527237
-69.5000000000002,-70.4965792527237
-68.4999999999997,-70.4965792527237
-62.5000000000002,-70.4965792527237
-61.5000000000002,-70.4965792527237
-9.50000000000007,-70.4965792527237
-6.50000000000005,-70.4965792527237
-5.49999999999989,-70.4965792527237
-2.50000000000006,-70.4965792527237
2.50000000000006,-70.4965792527237
3.49999999999983,-70.4965792527237
4.50000000000016,-70.4965792527237
5.49999999999989,-70.4965792527237
6.50000000000006,-70.4965792527237
7.49999999999966,-70.4965792527237
8.50000000000022,-70.4965792527237
9.50000000000006,-70.4965792527237
10.5,-70.4965792527237
11.4999999999996,-70.4965792527237
12.5000000000002,-70.4965792527237
13.5000000000002,-70.4965792527237
14.5,-70.4965792527237
15.4999999999998,-70.4965792527237
16.5000000000002,-70.4965792527237
17.5000000000001,-70.4965792527237
18.4999999999997,-70.4965792527237
19.5000000000003,-70.4965792527237
20.4999999999997,-70.4965792527237
21.5,-70.4965792527237
22.4999999999999,-70.4965792527237
23.5000000000002,-70.4965792527237
24.5,-70.4965792527237
25.4999999999998,-70.4965792527237
26.5000000000003,-70.4965792527237
27.4999999999997,-70.4965792527236
28.5000000000001,-70.4965792527237
29.4999999999999,-70.4965792527237
30.5000000000001,-70.4965792527237
31.5000000000003,-70.4965792527237
32.4999999999998,-70.4965792527236
38.4999999999999,-70.4965792527237
67.5000000000001,-70.4965792527237
68.4999999999997,-70.4965792527237
69.5000000000003,-70.4965792527237
73.4999999999998,-70.4965792527237
160.5,-70.4965792527237
161.5,-70.4965792527237
162.5,-70.4965792527237
163.5,-70.4965792527237
164.5,-70.4965792527237
165.5,-70.4965792527237
166.5,-70.4965792527237
167.499999999999,-70.4965792527237
-70.5,-69.4968255443311
-69.5000000000005,-69.4968255443312
-67.5000000000001,-69.4968255443312
-66.4999999999999,-69.4968255443312
-63.4999999999996,-69.4968255443312
-62.5000000000002,-69.4968255443312
29.4999999999997,-69.4968255443312
30.5000000000001,-69.4968255443312
31.5000000000003,-69.4968255443312
32.4999999999999,-69.4968255443312
33.4999999999998,-69.4968255443312
34.5000000000002,-69.4968255443312
35.5,-69.4968255443312
36.5,-69.4968255443312
37.5000000000002,-69.4968255443312
38.5,-69.4968255443312
39.5000000000001,-69.4968255443312
67.5000000000001,-69.4968255443312
68.4999999999996,-69.4968255443312
74.5000000000002,-69.4968255443311
75.4999999999999,-69.4968255443312
76.4999999999999,-69.4968255443312
77.5000000000001,-69.4968255443312
155.5,-69.4968255443312
156.5,-69.4968255443312
157.5,-69.4968255443312
158.5,-69.4968255443312
159.5,-69.4968255443312
160.5,-69.4968255443312
-70.5000000000002,-68.4970515948267
-65.5,-68.4970515948267
-64.5000000000004,-68.4970515948266
-63.4999999999997,-68.4970515948266
34.5,-68.4970515948267
35.5,-68.4970515948267
40.4999999999999,-68.4970515948267
41.4999999999999,-68.4970515948267
42.5000000000001,-68.4970515948267
43.4999999999999,-68.4970515948266
69.5000000000003,-68.4970515948266
79.5000000000004,-68.4970515948266
80.4999999999995,-68.4970515948266
146.5,-68.4970515948266
147.5,-68.4970515948266
148.5,-68.4970515948266
149.5,-68.4970515948266
150.5,-68.4970515948266
151.5,-68.4970515948267
152.5,-68.4970515948266
153.5,-68.4970515948266
154.5,-68.4970515948266
-66.4999999999998,-67.4972599564362
-65.5000000000001,-67.4972599564362
45.5000000000002,-67.4972599564363
46.4999999999999,-67.4972599564363
47.4999999999998,-67.4972599564362
48.5000000000001,-67.4972599564362
49.5,-67.4972599564362
50.5,-67.4972599564362
55.5000000000002,-67.4972599564363
56.4999999999999,-67.4972599564363
57.5000000000002,-67.4972599564363
58.4999999999999,-67.4972599564363
59.4999999999999,-67.4972599564363
60.5000000000001,-67.4972599564363
61.5000000000002,-67.4972599564362
62.5,-67.4972599564362
63.4999999999995,-67.4972599564363
64.5000000000003,-67.4972599564363
65.5000000000001,-67.4972599564362
66.4999999999998,-67.4972599564362
67.5000000000002,-67.4972599564362
68.4999999999999,-67.4972599564363
69.5000000000001,-67.4972599564362
81.5000000000001,-67.4972599564362
82.5000000000001,-67.4972599564363
83.5000000000002,-67.4972599564363
84.4999999999998,-67.4972599564363
85.5000000000002,-67.4972599564362
86.4999999999997,-67.4972599564363
113.5,-67.4972599564362
114.5,-67.4972599564362
115.5,-67.4972599564363
116.5,-67.4972599564363
117.5,-67.4972599564362
118.5,-67.4972599564362
119.5,-67.4972599564363
120.5,-67.4972599564363
121.5,-67.4972599564363
127.5,-67.4972599564363
128.5,-67.4972599564362
129.5,-67.4972599564362
142.5,-67.4972599564362
143.5,-67.4972599564363
144.5,-67.4972599564363
145.5,-67.4972599564363
146.5,-67.4972599564363
147.5,-67.4972599564363
148.5,-67.4972599564363
-67.5000000000002,-66.4974527424135
-66.4999999999997,-66.4974527424135
-65.5000000000002,-66.4974527424135
-64.5000000000003,-66.4974527424134
49.5,-66.4974527424135
51.5,-66.4974527424135
52.4999999999999,-66.4974527424135
55.5000000000001,-66.4974527424135
56.4999999999999,-66.4974527424135
87.4999999999998,-66.4974527424134
88.4999999999999,-66.4974527424134
89.5000000000002,-66.4974527424134
90.4999999999998,-66.4974527424134
91.5000000000001,-66.4974527424135
92.5000000000002,-66.4974527424134
93.4999999999999,-66.4974527424135
94.5,-66.4974527424135
95.5000000000001,-66.4974527424134
96.4999999999997,-66.4974527424135
97.5,-66.4974527424135
98.5,-66.4974527424135
99.5000000000004,-66.4974527424135
100.5,-66.4974527424135
101.5,-66.4974527424135
104.5,-66.4974527424134
105.5,-66.4974527424134
106.5,-66.4974527424134
107.5,-66.4974527424135
108.5,-66.4974527424135
109.5,-66.4974527424135
110.5,-66.4974527424135
111.5,-66.4974527424135
113.5,-66.4974527424135
114.5,-66.4974527424135
115.5,-66.4974527424135
116.5,-66.4974527424134
117.5,-66.4974527424135
118.5,-66.4974527424135
119.5,-66.4974527424134
120.5,-66.4974527424135
121.5,-66.4974527424135
122.5,-66.4974527424135
123.5,-66.4974527424135
124.5,-66.4974527424135
125.5,-66.4974527424135
126.5,-66.4974527424134
127.5,-66.4974527424135
129.5,-66.4974527424135
130.5,-66.4974527424135
131.5,-66.4974527424135
132.5,-66.4974527424135
133.5,-66.4974527424134
134.5,-66.4974527424135
135.5,-66.4974527424135
136.499999999999,-66.4974527424135
137.5,-66.4974527424135
138.5,-66.4974527424135
139.5,-66.4974527424135
140.5,-66.4974527424135
141.5,-66.4974527424135
142.5,-66.4974527424135
143.5,-66.4974527424135
146.5,-66.4974527424135
-64.5000000000002,-65.4976317168981
-63.4999999999997,-65.4976317168982
-62.5000000000001,-65.4976317168982
-60.5000000000002,-65.4976317168981
52.5000000000002,-65.4976317168981
53.5000000000001,-65.4976317168981
54.4999999999998,-65.4976317168981
55.5000000000001,-65.4976317168981
99.5000000000004,-65.4976317168981
100.5,-65.4976317168981
102.5,-65.4976317168981
103.5,-65.4976317168981
104.5,-65.4976317168981
112.5,-65.4976317168981
113.5,-65.4976317168981
130.5,-65.4976317168981
135.5,-65.4976317168982
-62.5000000000001,-64.4977983636338
-61.4999999999999,-64.4977983636338
-59.5,-63.4979539391408
-58.4999999999996,-63.4979539391407
-57.5000000000002,-63.4979539391407
-57.5000000000002,-61.4982360071393
-68.4999999999999,-54.4989922212738
-67.5000000000003,-54.4989922212738
-71.5,-53.499077470544
-69.5000000000004,-53.4990774705441
-68.4999999999997,-53.4990774705441
-67.5000000000003,-53.4990774705441
-73.4999999999997,-52.4991580621294
-72.5000000000002,-52.4991580621294
-71.4999999999998,-52.4991580621293
-70.5,-52.4991580621293
-69.5000000000005,-52.4991580621294
-68.4999999999998,-52.4991580621294
-74.5000000000001,-51.4992342520169
-73.4999999999996,-51.499234252017
-72.5000000000001,-51.4992342520169
-69.5000000000001,-51.4992342520169
-68.5000000000001,-51.4992342520169
-59.5000000000002,-51.499234252017
-58.4999999999999,-51.499234252017
-74.4999999999999,-50.4993062707212
-73.4999999999999,-50.4993062707212
-69.5,-50.4993062707212
-73.4999999999997,-49.499374326644
-68.4999999999999,-49.4993743266441
-67.5000000000003,-49.499374326644
-73.4999999999995,-48.4994386089415
-67.5000000000003,-48.4994386089415
69.5000000000002,-48.4994386089416
-74.5000000000001,-47.4994992899949
-66.5,-47.4994992899947
-65.4999999999997,-47.4994992899947
-73.5,-46.4995565275318
-67.4999999999998,-46.4995565275318
-66.5,-46.4995565275318
168.5,-46.4995565275319
-74.4999999999999,-45.4996104664684
-72.5,-45.4996104664685
-67.4999999999999,-45.4996104664685
167.5,-45.4996104664684
170.5,-45.4996104664684
-72.5,-44.4996612405003
-66.4999999999997,-44.4996612405002
-65.5000000000001,-44.4996612405003
168.5,-44.4996612405004
170.5,-44.4996612405002
171.5,-44.4996612405003
-72.4999999999999,-43.4997089734942
-65.5000000000002,-43.4997089734944
169.500000000001,-43.4997089734942
170.5,-43.4997089734943
171.5,-43.4997089734942
-73.4999999999998,-42.4997537806983
-65.4999999999999,-42.4997537806983
-64.5000000000004,-42.4997537806983
147.5,-42.4997537806984
171.5,-42.4997537806984
173.5,-42.4997537806983
-73.5000000000001,-41.4997957697985
-65.4999999999999,-41.4997957697984
146.5,-41.4997957697984
147.5,-41.4997957697985
148.5,-41.4997957697984
172.5,-41.4997957697984
173.5,-41.4997957697984
174.5,-41.4997957697983
-65.5,-40.4998350418529
-62.5000000000002,-40.4998350418527
145.5,-40.4998350418528
147.5,-40.4998350418526
148.5,-40.4998350418527
173.5,-40.4998350418527
174.5,-40.4998350418528
175.5,-40.4998350418529
176.5,-40.4998350418528
-62.5,-39.4998716921059
144.5,-39.4998716921058
148.5,-39.4998716921059
176.5,-39.4998716921057
-62.5,-38.4999058107069
177.5,-38.4999058107067
-57.5000000000003,-37.4999374833471
144.5,-37.4999374833471
147.5,-37.4999374833472
175.5,-37.4999374833471
176.5,-37.4999374833471
177.5,-37.499937483347
178.5,-37.4999374833471
-72.5000000000002,-36.4999667918177
-57.5000000000001,-36.4999667918175
-56.5,-36.4999667918175
149.5,-36.4999667918175
175.5,-36.4999667918177
-57.5000000000001,-35.4999938145075
137.5,-35.4999938145075
150.5,-35.4999938145076
174.5,-35.4999938145074
-71.4999999999998,-34.500018626844
-58.4999999999998,-34.500018626844
-57.5000000000002,-34.5000186268441
118.5,-34.5000186268439
137.5,-34.500018626844
150.5,-34.500018626844
-58.4999999999999,-33.5000413016783
-53.5000000000002,-33.5000413016783
23.5000000000002,-33.5000413016782
24.4999999999999,-33.5000413016782
115.5,-33.5000413016781
119.5,-33.5000413016782
136.5,-33.5000413016782
151.5,-33.5000413016783
-58.5,-32.5000619096353
-52.5,-32.5000619096355
18.4999999999998,-32.5000619096354
27.4999999999999,-32.5000619096353
124.5,-32.5000619096354
137.5,-32.5000619096356
151.5,-32.5000619096353
-52.5000000000001,-31.5000805194202
-51.5,-31.5000805194201
29.4999999999997,-31.5000805194201
128.5,-31.50008051942
152.5,-31.5000805194201
-51.5,-30.5000971980854
30.5,-30.5000971980856
153.5,-30.5000971980856
-50.4999999999998,-29.5001120112807
30.5000000000001,-29.5001120112808
153.5,-29.5001120112808
-49.5000000000001,-28.5001250234624
31.5000000000002,-28.5001250234623
153.5,-28.5001250234624
-70.5,-27.5001362980806
-48.5000000000001,-27.5001362980807
32.4999999999996,-27.5001362980807
153.5,-27.5001362980807
-48.5000000000002,-26.5001458977564
32.4999999999998,-26.5001458977564
114.5,-26.5001458977563
153.5,-26.5001458977564
-48.5000000000001,-25.5001538844213
32.4999999999999,-25.5001538844214
152.5,-25.5001538844214
153.5,-25.5001538844214
-47.4999999999999,-24.5001603194559
34.4999999999999,-24.5001603194556
47.4999999999999,-24.5001603194559
151.5,-24.5001603194558
152.5,-24.5001603194558
-46.4999999999998,-23.5001652637963
35.4999999999997,-23.5001652637963
47.4999999999999,-23.5001652637962
150.5,-23.5001652637966
151.5,-23.5001652637964
-44.5,-22.5001687780436
-41.5000000000001,-22.5001687780434
35.4999999999997,-22.5001687780433
47.5,-22.5001687780434
114.5,-22.5001687780433
149.5,-22.5001687780436
150.5,-22.5001687780433
-41.4999999999999,-21.5001709225491
-40.4999999999997,-21.5001709225489
35.4999999999999,-21.5001709225491
48.5000000000001,-21.5001709225491
114.5,-21.5001709225491
115.5,-21.5001709225486
116.5,-21.5001709225489
149.5,-21.5001709225488
-40.4999999999997,-20.5001717574874
34.5,-20.5001717574872
35.4999999999997,-20.5001717574874
44.5,-20.5001717574874
48.5000000000002,-20.5001717574872
117.5,-20.5001717574873
118.5,-20.5001717574873
119.5,-20.5001717574874
148.5,-20.5001717574871
149.5,-20.5001717574872
165.5,-20.5001717574875
-40.4999999999997,-19.5001713429252
34.5,-19.5001713429252
48.5000000000001,-19.5001713429253
120.5,-19.5001713429253
121.5,-19.5001713429253
146.5,-19.5001713429251
147.5,-19.5001713429251
148.5,-19.5001713429253
-39.5000000000002,-18.5001697388802
35.4999999999998,-18.5001697388803
49.5,-18.5001697388802
122.5,-18.5001697388802
146.5,-18.5001697388802
-39.5000000000001,-17.500167005362
36.5000000000003,-17.5001670053619
49.4999999999999,-17.5001670053619
123.5,-17.5001670053621
139.5,-17.5001670053619
140.5,-17.500167005362
145.5,-17.5001670053622
146.5,-17.5001670053621
178.5,-17.5001670053619
-39.5000000000002,-16.5001632024179
38.5,-16.500163202418
39.5000000000002,-16.5001632024179
45.5000000000002,-16.5001632024177
49.4999999999999,-16.5001632024179
123.5,-16.5001632024178
124.5,-16.5001632024177
137.5,-16.5001632024179
138.5,-16.5001632024179
139.5,-16.5001632024179
141.5,-16.5001632024179
145.5,-16.5001632024178
-39.5000000000001,-15.5001583901612
-38.5,-15.500158390161
12.5000000000002,-15.5001583901617
40.5,-15.5001583901611
46.4999999999998,-15.5001583901617
47.5,-15.5001583901615
49.4999999999998,-15.5001583901611
125.5,-15.5001583901612
128.5,-15.500158390161
129.5,-15.5001583901615
135.5,-15.5001583901617
136.5,-15.5001583901614
137.500000000001,-15.5001583901612
145.5,-15.5001583901611
-39.5000000000001,-14.5001526287996
40.4999999999999,-14.5001526287998
50.4999999999999,-14.5001526287992
126.5,-14.5001526287992
127.5,-14.5001526287997
128.5,-14.5001526287997
129.5,-14.5001526287992
135.5,-14.5001526287992
143.5,-14.5001526287998
144.5,-14.5001526287994
145.5,-14.5001526287997
167.5,-14.5001526287992
-39.5000000000001,-13.5001459786569
-38.5,-13.5001459786569
40.4999999999997,-13.5001459786567
48.5000000000001,-13.5001459786568
49.5000000000001,-13.5001459786567
50.4999999999999,-13.5001459786569
127.5,-13.5001459786569
130.5,-13.5001459786567
135.5,-13.5001459786569
143.5,-13.5001459786568
-38.4999999999999,-12.5001385001813
13.5,-12.5001385001814
40.4999999999997,-12.5001385001811
49.5000000000001,-12.5001385001811
131.5,-12.5001385001812
132.5,-12.5001385001812
134.5,-12.5001385001814
135.5,-12.5001385001813
136.5,-12.5001385001813
143.5,-12.5001385001812
-37.5000000000001,-11.5001302539643
40.4999999999996,-11.5001302539644
133.5,-11.5001302539642
134.5,-11.5001302539642
142.5,-11.5001302539643
143.5,-11.5001302539643
-37.5000000000001,-10.5001213007399
39.5000000000001,-10.50012130074
40.4999999999998,-10.5001213007398
39.5000000000002,-9.50011170138946
120.5,-9.50011170138958
124.5,-9.50011170138953
148.5,-9.50011170138932
149.5,-9.50011170138958
151.5,-9.50011170138962
-35.4999999999997,-8.50010151693795
39.5000000000002,-8.50010151693773
117.5,-8.50010151693782
125.5,-8.50010151693795
126.5,-8.50010151693798
142.5,-8.50010151693768
143.5,-8.50010151693787
147.5,-8.50010151693776
148.5,-8.50010151693771
161.5,-8.50010151693788
-34.5000000000002,-7.50009080854859
39.5000000000002,-7.50009080854877
112.5,-7.50009080854877
113.5,-7.50009080854873
114.5,-7.50009080854875
138.5,-7.50009080854893
139.5,-7.50009080854884
140.5,-7.50009080854877
143.5,-7.50009080854863
147.5,-7.50009080854878
157.5,-7.50009080854877
159.5,-7.50009080854889
-35.4999999999996,-6.50007963752232
-34.5000000000003,-6.5000796375222
38.4999999999998,-6.50007963752221
39.5000000000002,-6.50007963752213
107.5,-6.50007963752239
108.5,-6.50007963752244
109.5,-6.50007963752232
110.5,-6.50007963752216
111.5,-6.50007963752222
112.5,-6.50007963752232
113.5,-6.50007963752224
114.5,-6.50007963752225
146.5,-6.50007963752227
157.5,-6.50007963752232
-80.4999999999997,-5.50006806527684
-36.5000000000004,-5.50006806527688
-35.4999999999996,-5.50006806527702
13.5000000000002,-5.50006806527683
38.4999999999999,-5.50006806527693
106.5,-5.50006806527697
145.5,-5.5000680652771
146.5,-5.50006806527703
147.5,-5.50006806527684
149.5,-5.50006806527681
150.5,-5.50006806527686
151.5,-5.50006806527696
155.5,-5.50006806527676
-38.4999999999999,-4.50005615334067
-37.5,-4.50005615334085
-36.5000000000003,-4.5000561533408
12.5000000000002,-4.50005615334083
39.5,-4.50005615334072
105.5,-4.50005615334067
120.5,-4.5000561533408
144.5,-4.50005615334067
145.5,-4.50005615334071
-79.5000000000003,-3.50004396334099
-44.5000000000001,-3.50004396334095
-39.5,-3.50004396334125
-38.4999999999999,-3.50004396334123
39.5,-3.50004396334125
105.5,-3.50004396334122
115.5,-3.50004396334123
120.499999999999,-3.50004396334105
122.5,-3.50004396334123
123.5,-3.50004396334114
133.5,-3.50004396334106
135.5,-3.50004396334095
142.5,-3.50004396334106
143.5,-3.50004396334111
144.5,-3.50004396334123
-50.4999999999999,-2.50003155698456
-49.4999999999998,-2.50003155698445
-44.5000000000002,-2.50003155698448
-43.4999999999998,-2.50003155698461
-42.5000000000002,-2.50003155698461
-41.4999999999998,-2.50003155698446
-40.5,-2.50003155698445
-39.5000000000001,-2.50003155698456
40.5,-2.50003155698445
104.5,-2.50003155698474
105.5,-2.50003155698469
106.5,-2.50003155698457
108.5,-2.50003155698461
111.5,-2.50003155698453
113.5,-2.50003155698462
116.5,-2.5000315569844
119.500000000001,-2.50003155698456
120.499999999999,-2.50003155698461
122.5,-2.50003155698465
129.5,-2.50003155698456
130.5,-2.50003155698445
133.5,-2.50003155698461
134.5,-2.50003155698448
136.5,-2.50003155698461
137.5,-2.50003155698461
139.5,-2.50003155698445
140.5,-2.50003155698456
141.5,-2.50003155698462
142.5,-2.50003155698462
-52.5000000000001,-1.50001899603868
-51.5,-1.50001899603856
-50.4999999999998,-1.50001899603841
-49.4999999999999,-1.50001899603855
-48.5000000000002,-1.50001899603871
-46.5,-1.50001899603857
-45.5,-1.50001899603868
-44.5000000000002,-1.50001899603868
40.4999999999999,-1.50001899603855
41.4999999999998,-1.50001899603871
103.5,-1.50001899603857
104.5,-1.50001899603853
106.5,-1.50001899603847
116.5,-1.50001899603874
120.5,-1.50001899603859
121.5,-1.50001899603852
130.5,-1.50001899603855
132.5,-1.5000189960386
134.5,-1.50001899603868
138.5,-1.50001899603871
139.5,-1.50001899603855
147.5,-1.50001899603854
-51.5,-0.500006342321822
-50.4999999999998,-0.500006342321937
-49.5,-0.500006342321954
-48.5000000000001,-0.500006342321849
-47.4999999999998,-0.50000634232185
-46.4999999999999,-0.50000634232185
9.50000000000019,-0.50000634232179
41.4999999999999,-0.500006342321849
103.5,-0.500006342321799
117.5,-0.50000634232192
120.5,-0.500006342321873
122.5,-0.500006342321803
131.5,-0.500006342321847
132.5,-0.500006342321852
133.5,-0.500006342321851
134.5,-0.500006342321832
136.5,-0.50000634232185
-79.5000000000002,0.500006342321751
-51.4999999999999,0.500006342321821
-49.5000000000001,0.500006342321952
10.4999999999998,0.500006342321751
42.5000000000002,0.500006342321851
102.5,0.500006342321795
103.5,0.500006342321799
117.5,0.500006342321919
120.5,0.500006342321875
-78.4999999999997,1.50001899603853
-50.4999999999998,1.50001899603841
-49.4999999999999,1.50001899603855
43.4999999999998,1.50001899603857
100.5,1.50001899603873
101.5,1.50001899603853
102.5,1.50001899603857
103.5,1.50001899603857
109.5,1.50001899603872
110.5,1.50001899603873
111.5,1.50001899603851
117.5,1.50001899603855
118.5,1.5000189960385
121.5,1.50001899603851
122.5,1.50001899603853
128.5,1.50001899603856
-77.5000000000001,2.50003155698474
-50.4999999999999,2.50003155698456
45.5,2.50003155698448
99.5000000000004,2.5000315569845
100.5,2.50003155698463
101.5,2.50003155698471
103.5,2.50003155698473
104.5,2.50003155698474
112.5,2.5000315569845
117.5,2.50003155698445
-51.5,3.50004396334124
-50.5,3.50004396334125
46.5000000000001,3.50004396334106
98.5000000000001,3.5000439633412
99.5000000000003,3.50004396334109
103.5,3.50004396334106
113.5,3.50004396334106
117.5,3.50004396334124
-52.5000000000001,4.50005615334085
-51.5,4.50005615334067
47.4999999999998,4.50005615334089
97.5000000000001,4.50005615334079
98.5000000000002,4.50005615334076
103.5,4.50005615334082
108.5,4.500056153341
114.5,4.50005615334089
115.5,4.50005615334076
117.5,4.50005615334073
-57.5000000000003,5.50006806527684
-56.5,5.50006806527703
-55.5,5.5000680652771
-54.5000000000001,5.50006806527701
-53.4999999999998,5.50006806527688
-52.5000000000001,5.50006806527687
-5.5000000000002,5.50006806527684
-1.50000000000006,5.5000680652768
48.5000000000001,5.50006806527665
96.4999999999997,5.50006806527686
97.4999999999999,5.50006806527699
102.5,5.50006806527684
103.5,5.50006806527683
115.5,5.50006806527684
116.5,5.50006806527699
117.5,5.50006806527703
118.5,5.50006806527696
120.5,5.50006806527681
-58.4999999999999,6.50007963752241
-57.5000000000001,6.50007963752238
1.50000000000001,6.50007963752233
48.5000000000001,6.50007963752238
101.5,6.50007963752225
102.5,6.50007963752237
117.5,6.50007963752221
118.5,6.50007963752226
121.5,6.50007963752241
125.5,6.50007963752232
-76.5000000000001,7.50009080854878
-59.4999999999998,7.50009080854872
-58.4999999999998,7.50009080854884
49.4999999999998,7.50009080854884
81.4999999999999,7.50009080854872
100.5,7.50009080854886
122.5,7.50009080854878
124.5,7.50009080854874
125.5,7.50009080854852
126.5,7.50009080854863
-80.4999999999998,8.50010151693775
-77.5000000000002,8.50010151693768
-76.5000000000001,8.50010151693766
-61.4999999999999,8.50010151693768
-60.5000000000003,8.50010151693784
-59.4999999999999,8.5001015169379
49.4999999999998,8.50010151693774
80.4999999999998,8.50010151693775
81.4999999999999,8.50010151693785
99.5000000000002,8.50010151693775
100.5,8.50010151693776
117.5,8.50010151693782
123.5,8.50010151693786
124.5,8.50010151693787
125.5,8.50010151693795
126.5,8.50010151693797
-82.5000000000002,9.5001117013892
-79.5000000000003,9.50011170138942
-78.4999999999997,9.50011170138949
-77.5000000000003,9.50011170138943
-75.4999999999998,9.50011170138934
-72.5,9.50011170138942
-71.4999999999999,9.50011170138925
-62.5000000000002,9.50011170138915
-61.4999999999998,9.50011170138925
-60.5000000000002,9.50011170138925
50.4999999999998,9.50011170138946
78.4999999999997,9.50011170138949
99.5000000000002,9.50011170138928
105.5,9.50011170138935
118.5,9.50011170138925
126.5,9.50011170138957
-83.5000000000003,10.5001213007399
-74.5000000000002,10.5001213007398
-72.5000000000001,10.5001213007397
-68.4999999999999,10.5001213007398
-67.5000000000002,10.5001213007397
-66.4999999999998,10.5001213007396
-65.4999999999999,10.5001213007398
-64.5000000000004,10.5001213007399
-63.4999999999996,10.50012130074
-62.5000000000002,10.50012130074
-13.4999999999998,10.5001213007399
43.4999999999996,10.5001213007398
44.5000000000001,10.5001213007398
45.5000000000001,10.5001213007398
46.5000000000001,10.5001213007398
47.4999999999997,10.5001213007399
50.4999999999999,10.50012130074
79.5000000000002,10.5001213007399
99.5000000000003,10.5001213007398
106.5,10.5001213007397
119.5,10.5001213007399
123.5,10.5001213007397
124.5,10.5001213007395
-83.5000000000001,11.5001302539643
-73.4999999999998,11.5001302539643
-72.5000000000001,11.5001302539643
-71.4999999999999,11.5001302539643
-70.4999999999999,11.5001302539643
-69.5000000000002,11.5001302539642
-68.5,11.5001302539641
-63.4999999999996,11.5001302539643
42.5000000000003,11.5001302539642
43.4999999999995,11.5001302539642
48.5,11.5001302539643
49.5000000000002,11.5001302539644
50.4999999999997,11.5001302539641
51.5,11.5001302539641
79.5000000000003,11.5001302539642
99.5000000000004,11.5001302539643
108.5,11.5001302539645
124.5,11.5001302539642
125.5,11.5001302539643
-83.4999999999999,12.5001385001811
-71.4999999999997,12.5001385001812
-69.5000000000002,12.5001385001812
42.5000000000004,12.5001385001812
43.4999999999996,12.5001385001814
79.5000000000002,12.5001385001812
93.4999999999999,12.5001385001813
99.5000000000004,12.5001385001811
109.5,12.5001385001812
120.5,12.5001385001814
124.5,12.5001385001812
125.5,12.5001385001812
-83.5000000000001,13.500145978657
-15.5,13.5001459786569
41.4999999999999,13.5001459786568
42.5000000000003,13.5001459786567
45.5000000000002,13.5001459786568
80.4999999999997,13.5001459786568
99.5000000000003,13.5001459786568
100.5,13.5001459786567
109.5,13.5001459786568
121.5,13.5001459786569
124.5,13.5001459786569
-83.5,14.5001526287994
-60.5000000000001,14.5001526287995
40.4999999999998,14.5001526287998
41.5,14.5001526287996
47.5,14.5001526287994
80.4999999999998,14.5001526287996
108.5,14.5001526287993
109.5,14.5001526287993
121.5,14.5001526287996
123.5,14.5001526287996
-88.5,15.5001583901615
-87.4999999999996,15.5001583901614
-86.4999999999998,15.5001583901611
-85.5000000000004,15.5001583901616
-84.4999999999996,15.5001583901616
-83.5,15.5001583901615
-16.5,15.5001583901615
39.5000000000001,15.5001583901612
40.5,15.5001583901611
50.4999999999999,15.5001583901615
80.4999999999998,15.5001583901613
108.5,15.5001583901613
121.5,15.5001583901611
122.5,15.5001583901615
-95.5000000000003,16.500163202418
-88.5000000000001,16.500163202418
39.5000000000002,16.5001632024179
52.5000000000001,16.5001632024181
81.5000000000002,16.5001632024179
95.5000000000003,16.500163202418
107.5,16.500163202418
108.5,16.5001632024179
120.499999999999,16.500163202418
121.5,16.500163202418
-88.5000000000002,17.5001670053619
38.4999999999999,17.500167005362
39.5000000000001,17.500167005362
54.5,17.5001670053619
82.5000000000004,17.5001670053617
96.4999999999997,17.5001670053617
106.5,17.5001670053618
107.5,17.500167005362
122.5,17.500167005362
-95.5000000000001,18.50016973888
-94.4999999999999,18.50016973888
-93.4999999999999,18.50016973888
-92.5000000000003,18.5001697388801
-91.4999999999999,18.5001697388802
-88.5000000000001,18.5001697388802
-76.4999999999998,18.5001697388802
-66.5,18.5001697388801
-65.5,18.5001697388801
37.4999999999999,18.5001697388801
38.5000000000001,18.5001697388801
56.5,18.5001697388801
83.4999999999999,18.5001697388803
105.5,18.5001697388801
106.5,18.5001697388802
121.5,18.5001697388802
122.5,18.5001697388802
-96.4999999999997,19.5001713429251
-95.5000000000004,19.5001713429252
-90.4999999999998,19.5001713429251
-87.4999999999998,19.5001713429253
-71.5,19.5001713429251
-70.4999999999998,19.5001713429251
-69.5000000000004,19.5001713429251
-68.4999999999999,19.5001713429251
37.4999999999999,19.5001713429252
57.5000000000004,19.5001713429252
84.4999999999996,19.5001713429252
105.5,19.5001713429252
109.5,19.5001713429252
110.5,19.5001713429251
-97.5000000000002,20.5001717574873
-96.4999999999995,20.5001717574874
-87.4999999999998,20.5001717574873
-75.5000000000001,20.5001717574875
-74.5000000000001,20.5001717574875
37.4999999999999,20.5001717574873
57.5000000000003,20.5001717574872
86.4999999999999,20.5001717574872
106.5,20.5001717574876
-97.5000000000001,21.5001709225491
-89.5000000000001,21.500170922549
-88.5000000000001,21.500170922549
-87.4999999999998,21.500170922549
-86.4999999999999,21.500170922549
-77.5000000000001,21.5001709225488
-76.4999999999999,21.5001709225488
-75.5,21.5001709225489
36.5,21.5001709225491
37.4999999999999,21.500170922549
58.5,21.500170922549
71.5,21.5001709225488
73.5000000000001,21.500170922549
86.4999999999999,21.500170922549
107.5,21.5001709225488
110.5,21.5001709225491
-97.5,22.5001687780433
-83.5,22.5001687780433
-79.5000000000004,22.5001687780433
-78.4999999999997,22.5001687780434
35.4999999999997,22.5001687780433
36.5000000000001,22.5001687780432
59.5,22.5001687780432
70.5,22.5001687780434
72.4999999999999,22.5001687780436
87.4999999999998,22.5001687780434
88.5000000000002,22.5001687780434
89.5,22.5001687780434
90.5,22.5001687780434
112.5,22.5001687780434
113.5,22.5001687780433
-109.5,23.5001652637965
-97.5,23.5001652637963
-82.5000000000004,23.5001652637963
-81.4999999999999,23.5001652637965
-80.4999999999996,23.5001652637965
-79.5000000000005,23.5001652637964
-15.5000000000002,23.5001652637964
35.4999999999997,23.5001652637963
51.5000000000001,23.5001652637963
52.4999999999999,23.5001652637965
57.5000000000001,23.5001652637963
58.4999999999998,23.5001652637965
59.4999999999999,23.5001652637965
70.5000000000002,23.5001652637965
90.4999999999999,23.5001652637964
113.5,23.5001652637965
116.5,23.5001652637964
121.5,23.5001652637964
-109.5,24.5001603194558
-97.4999999999999,24.5001603194559
-14.5,24.5001603194557
34.4999999999999,24.5001603194556
35.5,24.5001603194558
50.4999999999997,24.5001603194557
51.5000000000002,24.5001603194557
53.5000000000001,24.5001603194558
54.4999999999998,24.5001603194558
55.5000000000003,24.5001603194556
56.5,24.5001603194556
57.5000000000001,24.5001603194558
117.5,24.5001603194558
121.5,24.5001603194557
-167.5,25.5001538844216
-111.5,25.5001538844213
-110.5,25.5001538844214
-97.4999999999998,25.5001538844214
-77.5,25.5001538844214
34.5,25.5001538844215
50.4999999999998,25.5001538844215
51.5000000000001,25.5001538844214
56.5,25.5001538844216
118.5,25.5001538844213
-111.5,26.5001458977566
-97.4999999999999,26.5001458977563
-80.4999999999999,26.5001458977565
-13.5000000000002,26.5001458977564
33.5,26.5001458977563
34.5000000000002,26.5001458977564
49.5,26.5001458977565
50.4999999999998,26.5001458977566
119.5,26.5001458977565
-112.5,27.5001362980804
-97.5000000000001,27.5001362980808
-80.5,27.5001362980806
-12.5,27.5001362980808
33.5000000000001,27.5001362980807
48.5000000000001,27.5001362980807
49.5000000000001,27.5001362980807
55.5000000000001,27.5001362980806
120.5,27.5001362980807
-113.5,28.5001250234624
-112.5,28.5001250234624
-97.5000000000003,28.5001250234623
-80.4999999999999,28.5001250234625
-11.4999999999999,28.5001250234623
-10.4999999999998,28.5001250234624
32.4999999999996,28.5001250234624
33.5000000000002,28.5001250234624
34.5000000000001,28.5001250234622
48.5000000000001,28.5001250234623
120.5,28.5001250234622
-113.5,29.5001120112808
-95.5000000000003,29.5001120112808
-81.4999999999999,29.5001120112806
-80.4999999999999,29.5001120112806
-9.50000000000014,29.5001120112806
32.4999999999999,29.5001120112807
34.5,29.5001120112809
47.4999999999997,29.500112011281
48.5,29.5001120112808
121.5,29.5001120112806
-114.5,30.5000971980855
-90.5,30.5000971980857
-89.5,30.5000971980857
-84.4999999999999,30.5000971980857
-81.4999999999998,30.5000971980856
17.4999999999998,30.5000971980856
18.4999999999997,30.5000971980856
19.5000000000002,30.5000971980857
20.5000000000002,30.5000971980857
28.5000000000002,30.5000971980856
29.4999999999998,30.5000971980857
47.4999999999997,30.5000971980855
120.5,30.5000971980856
121.5,30.5000971980856
-114.5,31.50008051942
-81.5000000000001,31.5000805194201
15.4999999999999,31.5000805194203
16.5000000000004,31.5000805194201
17.5,31.5000805194201
24.4999999999999,31.5000805194201
25.4999999999999,31.5000805194201
26.5000000000001,31.50008051942
27.5,31.5000805194201
28.5000000000003,31.5000805194202
30.5000000000001,31.5000805194202
31.5000000000002,31.5000805194201
32.4999999999997,31.50008051942
33.5000000000002,31.5000805194201
34.5,31.5000805194201
120.5,31.5000805194202
121.5,31.5000805194201
-80.4999999999996,32.5000619096354
-8.5,32.5000619096353
12.4999999999999,32.5000619096355
13.5,32.5000619096356
14.5000000000001,32.5000619096354
15.4999999999999,32.5000619096354
20.5,32.5000619096354
21.5,32.5000619096355
22.5,32.5000619096355
23.5000000000001,32.5000619096355
24.5,32.5000619096355
35.4999999999998,32.5000619096354
120.5,32.5000619096355
121.5,32.5000619096355
131.5,32.5000619096354
-79.5000000000004,33.5000413016783
-7.49999999999949,33.5000413016781
-6.4999999999999,33.5000413016782
10.4999999999997,33.5000413016783
11.5,33.5000413016782
120.5,33.5000413016782
130.5,33.5000413016783
131.5,33.5000413016782
133.5,33.5000413016781
-77.5000000000001,34.5000186268441
10.4999999999999,34.500018626844
119.5,34.500018626844
120.5,34.500018626844
132.5,34.5000186268442
133.5,34.5000186268443
134.5,34.5000186268443
136.5,34.5000186268439
-77.5000000000002,35.4999938145076
-76.4999999999999,35.4999938145076
-5.50000000000041,35.4999938145075
-4.4999999999996,35.4999938145075
-3.50000000000017,35.4999938145075
-2.50000000000024,35.4999938145074
-1.49999999999984,35.4999938145074
-0.500000000000011,35.4999938145075
0.500000000000011,35.4999938145075
10.4999999999998,35.4999938145075
25.5,35.4999938145076
33.5000000000002,35.4999938145076
34.5,35.4999938145075
119.5,35.4999938145076
127.5,35.4999938145075
128.5,35.4999938145076
133.5,35.4999938145075
134.5,35.4999938145074
135.5,35.4999938145075
136.5,35.4999938145075
138.5,35.4999938145075
139.5,35.4999938145075
-76.4999999999998,36.4999667918176
1.50000000000006,36.4999667918177
2.5000000000003,36.4999667918178
3.49999999999995,36.4999667918177
4.49999999999983,36.4999667918177
5.5000000000003,36.4999667918178
6.49999999999995,36.4999667918176
7.49999999999949,36.4999667918176
8.50000000000021,36.4999667918176
10.4999999999998,36.4999667918176
36.5000000000002,36.4999667918176
50.4999999999999,36.4999667918175
51.5,36.4999667918175
52.4999999999999,36.4999667918176
53.5000000000001,36.4999667918176
54.4999999999999,36.4999667918176
120.5,36.4999667918175
129.5,36.4999667918176
136.5,36.4999667918176
137.5,36.4999667918177
140.5,36.4999667918176
-77.5000000000002,37.4999374833472
-76.5000000000001,37.4999374833471
-1.50000000000029,37.4999374833471
9.50000000000019,37.4999374833471
10.4999999999999,37.4999374833472
11.4999999999999,37.4999374833472
15.4999999999997,37.4999374833471
23.5000000000003,37.4999374833472
27.4999999999997,37.4999374833472
48.5000000000001,37.4999374833472
49.4999999999999,37.4999374833471
50.5,37.4999374833471
51.4999999999999,37.4999374833471
52.5000000000002,37.4999374833471
53.4999999999999,37.4999374833471
54.5000000000001,37.4999374833471
118.5,37.4999374833472
119.5,37.4999374833472
120.5,37.4999374833472
121.5,37.4999374833471
122.5,37.4999374833471
128.5,37.499937483347
129.5,37.499937483347
137.5,37.4999374833471
138.5,37.4999374833471
139.5,37.4999374833471
140.5,37.4999374833471
-122.5,38.4999058107069
-121.5,38.4999058107069
-77.5000000000002,38.4999058107067
-76.5,38.4999058107068
-75.5,38.4999058107069
-0.499999999999775,38.4999058107069
13.5,38.4999058107068
14.5000000000001,38.4999058107069
15.4999999999999,38.4999058107069
16.5000000000003,38.4999058107069
22.5000000000002,38.4999058107069
23.4999999999999,38.4999058107068
24.5,38.4999058107067
48.5000000000002,38.4999058107067
49.4999999999998,38.4999058107068
50.5000000000001,38.4999058107069
51.4999999999998,38.4999058107069
52.5000000000002,38.4999058107069
53.4999999999999,38.4999058107069
117.5,38.4999058107069
118.5,38.4999058107067
127.5,38.499905810707
128.5,38.4999058107069
140.5,38.4999058107069
-76.5000000000001,39.4998716921058
-75.5,39.4998716921057
-8.50000000000002,39.4998716921058
-0.499999999999921,39.4998716921059
9.50000000000045,39.4998716921058
17.4999999999999,39.4998716921058
22.5,39.4998716921057
23.4999999999999,39.4998716921057
48.5000000000002,39.499871692106
49.4999999999998,39.4998716921059
50.5,39.4998716921058
51.5,39.4998716921058
52.5,39.4998716921058
53.5000000000001,39.4998716921057
117.5,39.4998716921058
127.5,39.4998716921058
140.5,39.4998716921058
141.5,39.4998716921057
-74.5,40.4998350418529
0.499999999999964,40.4998350418527
4.49999999999982,40.4998350418529
9.50000000000034,40.4998350418529
16.5000000000001,40.4998350418527
22.5,40.4998350418528
27.4999999999998,40.4998350418527
28.5000000000003,40.4998350418526
29.4999999999999,40.4998350418527
37.5000000000001,40.4998350418528
38.4999999999999,40.4998350418529
39.5000000000003,40.4998350418528
40.4999999999998,40.4998350418528
49.4999999999999,40.4998350418528
50.4999999999997,40.4998350418528
51.5000000000002,40.4998350418527
52.4999999999999,40.4998350418527
53.5,40.4998350418527
54.5,40.4998350418527
119.5,40.4998350418527
122.5,40.4998350418528
124.5,40.4998350418528
127.5,40.4998350418527
140.5,40.4998350418527
141.5,40.4998350418529
-73.5,41.4997957697985
0.499999999999837,41.4997957697984
9.50000000000025,41.4997957697983
15.5000000000001,41.4997957697984
16.5,41.4997957697985
17.5000000000002,41.4997957697985
27.4999999999999,41.4997957697984
30.5,41.4997957697984
31.5,41.4997957697985
32.5,41.4997957697984
33.5000000000001,41.4997957697983
34.5000000000001,41.4997957697984
35.4999999999998,41.4997957697985
36.5000000000001,41.4997957697985
37.5000000000002,41.4997957697984
39.5000000000004,41.4997957697984
41.5,41.4997957697983
48.5,41.4997957697983
49.5000000000001,41.4997957697984
50.4999999999995,41.4997957697983
51.5000000000002,41.4997957697983
52.5,41.4997957697983
53.5000000000001,41.4997957697984
54.5,41.4997957697986
129.5,41.4997957697984
-71.5000000000001,42.4997537806983
-70.5000000000001,42.4997537806984
3.49999999999987,42.4997537806984
9.50000000000037,42.4997537806984
13.5,42.4997537806984
14.5000000000001,42.4997537806983
15.5000000000001,42.4997537806983
27.4999999999999,42.4997537806984
28.5000000000002,42.4997537806984
35.4999999999997,42.4997537806983
47.4999999999997,42.4997537806984
48.5000000000001,42.4997537806984
49.5,42.4997537806983
50.4999999999998,42.4997537806984
51.5,42.4997537806985
52.5000000000001,42.4997537806984
53.5000000000001,42.4997537806983
-70.5000000000001,43.4997089734943
-8.49999999999993,43.4997089734944
-7.49999999999988,43.4997089734943
-6.49999999999998,43.4997089734945
-5.50000000000015,43.4997089734945
-4.49999999999989,43.4997089734944
-3.49999999999981,43.4997089734943
-2.50000000000049,43.4997089734943
-1.4999999999998,43.4997089734943
3.49999999999981,43.4997089734943
12.5000000000002,43.4997089734942
13.4999999999999,43.4997089734943
27.4999999999999,43.4997089734944
47.4999999999998,43.4997089734944
48.5,43.4997089734944
49.4999999999999,43.4997089734944
50.5,43.4997089734943
51.4999999999999,43.4997089734943
131.5,43.4997089734944
134.5,43.4997089734945
141.5,43.4997089734943
144.5,43.4997089734943
145.5,43.4997089734943
-69.5000000000001,44.4996612405003
-65.5000000000001,44.4996612405003
-64.5000000000004,44.4996612405004
-0.499999999999925,44.4996612405003
8.49999999999997,44.4996612405001
12.5000000000002,44.4996612405004
28.5000000000002,44.4996612405002
46.4999999999998,44.4996612405002
47.5,44.4996612405002
48.4999999999999,44.4996612405003
49.5,44.4996612405003
50.4999999999999,44.4996612405003
51.4999999999999,44.4996612405003
135.5,44.4996612405002
142.5,44.4996612405002
143.5,44.4996612405003
144.5,44.4996612405003
145.5,44.4996612405002
-123.5,45.4996104664683
-74.4999999999999,45.4996104664685
-73.4999999999999,45.4996104664684
-67.4999999999999,45.4996104664685
-64.5000000000005,45.4996104664684
-63.4999999999993,45.4996104664684
-62.5000000000001,45.4996104664684
-0.499999999999856,45.4996104664684
12.5000000000004,45.4996104664684
14.4999999999998,45.4996104664685
29.4999999999997,45.4996104664684
34.5000000000001,45.4996104664684
35.4999999999997,45.4996104664684
38.5000000000001,45.4996104664684
47.5000000000001,45.4996104664684
48.4999999999999,45.4996104664684
49.5000000000001,45.4996104664684
50.4999999999998,45.4996104664684
51.4999999999998,45.4996104664684
52.5000000000002,45.4996104664684
53.5,45.4996104664683
136.5,45.4996104664684
142.5,45.4996104664685
-73.5,46.4995565275318
-72.4999999999999,46.4995565275317
-71.4999999999997,46.4995565275317
-70.5,46.4995565275318
-64.5000000000004,46.4995565275319
-59.5000000000001,46.4995565275318
30.4999999999999,46.4995565275319
34.4999999999999,46.4995565275318
38.5,46.4995565275319
39.5000000000001,46.4995565275318
48.5,46.4995565275319
49.5,46.4995565275318
50.4999999999998,46.4995565275319
51.4999999999999,46.4995565275319
52.5000000000001,46.4995565275319
53.5000000000001,46.4995565275319
137.5,46.4995565275318
142.5,46.4995565275318
150.5,46.4995565275319
-123.5,47.4994992899947
-122.5,47.4994992899947
-70.5,47.4994992899946
-69.5000000000004,47.4994992899947
-66.5,47.4994992899947
-65.4999999999997,47.4994992899947
-64.5000000000004,47.4994992899947
-63.4999999999996,47.4994992899948
-53.5000000000001,47.4994992899947
-52.5000000000001,47.4994992899947
-1.50000000000003,47.4994992899947
31.5000000000003,47.4994992899948
37.5000000000001,47.4994992899948
50.4999999999999,47.4994992899947
51.5,47.4994992899947
138.5,47.4994992899948
143.5,47.4994992899947
-123.5,48.4994386089416
-122.5,48.4994386089416
-71.5000000000002,48.4994386089415
-70.5,48.4994386089416
-69.5000000000002,48.4994386089416
-68.4999999999996,48.4994386089416
-67.5000000000003,48.4994386089415
-66.4999999999998,48.4994386089416
-58.4999999999997,48.4994386089415
-57.5000000000003,48.4994386089415
-54.5000000000001,48.4994386089415
-53.4999999999999,48.4994386089415
-52.5000000000002,48.4994386089415
-3.49999999999983,48.4994386089416
-2.50000000000021,48.4994386089416
-1.49999999999999,48.4994386089416
139.5,48.4994386089415
-124.5,49.4993743266441
-123.5,49.499374326644
-68.4999999999999,49.4993743266441
-65.5000000000002,49.499374326644
-64.5000000000003,49.4993743266441
-57.5000000000001,49.499374326644
-56.5000000000001,49.4993743266441
-55.5,49.499374326644
-54.5,49.4993743266441
-53.5,49.4993743266441
-0.50000000000008,49.499374326644
0.50000000000008,49.499374326644
1.49999999999991,49.499374326644
140.5,49.499374326644
-126.5,50.4993062707212
-125.5,50.4993062707212
-79.4999999999999,50.4993062707212
-66.4999999999997,50.4993062707212
-56.4999999999999,50.4993062707212
140.5,50.4993062707213
143.5,50.4993062707212
-126.5,51.4992342520169
-81.5,51.4992342520169
-80.4999999999996,51.499234252017
-79.5000000000001,51.4992342520169
-78.4999999999996,51.4992342520169
-58.4999999999999,51.499234252017
-55.5000000000002,51.4992342520169
-3.49999999999993,51.4992342520169
-2.5000000000005,51.4992342520169
0.500000000000048,51.4992342520169
3.49999999999993,51.4992342520169
4.49999999999986,51.499234252017
140.5,51.4992342520169
143.5,51.499234252017
-127.5,52.4991580621294
-126.5,52.4991580621294
-82.5000000000005,52.4991580621294
-81.4999999999997,52.4991580621295
-80.4999999999998,52.4991580621295
-56.5,52.4991580621295
-55.5,52.4991580621295
-9.50000000000023,52.4991580621295
-8.50000000000028,52.4991580621295
-7.49999999999956,52.4991580621294
-4.4999999999999,52.4991580621294
-3.49999999999995,52.4991580621294
0.500000000000074,52.4991580621294
1.49999999999971,52.4991580621295
5.50000000000015,52.4991580621294
140.5,52.4991580621294
141.5,52.4991580621294
143.5,52.4991580621294
158.5,52.4991580621294
-131.5,53.499077470544
-128.5,53.4990774705441
-127.5,53.4990774705441
-82.5000000000004,53.499077470544
-81.4999999999997,53.499077470544
-80.4999999999998,53.499077470544
-60.4999999999999,53.499077470544
-59.5000000000002,53.4990774705441
-58.4999999999996,53.499077470544
-57.5000000000002,53.499077470544
-56.5000000000001,53.499077470544
-55.5000000000001,53.499077470544
-8.50000000000036,53.499077470544
-6.49999999999988,53.499077470544
-3.5000000000001,53.499077470544
-2.50000000000036,53.499077470544
-0.499999999999886,53.4990774705439
0.499999999999894,53.4990774705439
6.49999999999989,53.499077470544
7.49999999999963,53.499077470544
8.50000000000036,53.499077470544
9.50000000000024,53.499077470544
10.4999999999998,53.4990774705441
11.4999999999998,53.4990774705439
13.5000000000002,53.499077470544
14.4999999999999,53.499077470544
136.5,53.499077470544
137.5,53.499077470544
138.5,53.499077470544
140.5,53.499077470544
142.5,53.499077470544
143.5,53.499077470544
158.5,53.499077470544
-132.5,54.4989922212737
-131.5,54.4989922212738
-129.5,54.4989922212738
-82.5000000000005,54.4989922212739
-59.5000000000002,54.4989922212738
-58.4999999999997,54.4989922212738
-57.5000000000001,54.4989922212738
-9.50000000000052,54.4989922212738
-8.50000000000018,54.4989922212738
-7.49999999999949,54.4989922212739
-6.4999999999999,54.4989922212739
-1.50000000000024,54.4989922212739
-0.499999999999698,54.4989922212738
9.50000000000052,54.4989922212738
10.4999999999997,54.4989922212738
12.5000000000004,54.4989922212738
13.5,54.4989922212737
15.5000000000003,54.4989922212738
16.4999999999999,54.4989922212738
17.5000000000001,54.4989922212739
18.4999999999996,54.4989922212739
19.5000000000003,54.4989922212739
20.5000000000002,54.4989922212739
21.5,54.4989922212738
135.5,54.4989922212738
136.5,54.4989922212738
139.5,54.4989922212738
140.5,54.4989922212738
159.5,54.4989922212738
-132.5,55.498902028923
-131.5,55.498902028923
-130.5,55.498902028923
-87.4999999999998,55.498902028923
-86.5000000000001,55.498902028923
-85.5000000000003,55.498902028923
-84.4999999999996,55.4989020289229
-83.5000000000001,55.4989020289229
-82.5000000000005,55.4989020289229
-77.5000000000002,55.498902028923
-76.4999999999999,55.498902028923
-61.5,55.498902028923
-60.5,55.498902028923
-59.5,55.498902028923
-58.4999999999997,55.498902028923
-7.49999999999953,55.4989020289229
-6.49999999999989,55.4989020289229
-5.50000000000044,55.4989020289229
-4.49999999999976,55.498902028923
-3.49999999999983,55.498902028923
-2.50000000000024,55.498902028923
-1.50000000000029,55.4989020289229
9.50000000000028,55.498902028923
12.5000000000003,55.498902028923
15.5000000000003,55.498902028923
135.5,55.498902028923
137.500000000001,55.498902028923
138.5,55.498902028923
161.5,55.4989020289229
-159.5,56.4988065740407
-158.5,56.4988065740406
-132.5,56.4988065740406
-131.5,56.4988065740406
-92.5000000000002,56.4988065740406
-89.5000000000004,56.4988065740407
-88.4999999999997,56.4988065740407
-87.4999999999998,56.4988065740406
-78.4999999999995,56.4988065740406
-62.5000000000002,56.4988065740407
-61.5,56.4988065740407
-4.49999999999963,56.4988065740407
-3.49999999999995,56.4988065740406
9.50000000000007,56.4988065740407
10.4999999999996,56.4988065740407
12.5000000000003,56.4988065740406
14.5,56.4988065740406
23.5000000000005,56.4988065740406
137.5,56.4988065740407
156.5,56.4988065740407
162.5,56.4988065740407
-157.5,57.498705497622
-156.5,57.498705497622
-134.5,57.498705497622
-92.5000000000001,57.4987054976219
-91.5000000000002,57.498705497622
-90.4999999999997,57.498705497622
-89.5000000000003,57.498705497622
-69.5000000000005,57.498705497622
-68.4999999999998,57.4987054976221
-67.5000000000002,57.4987054976221
-62.5000000000003,57.498705497622
-61.5,57.498705497622
-4.49999999999952,57.498705497622
-3.50000000000033,57.498705497622
-2.50000000000006,57.4987054976219
10.4999999999999,57.498705497622
16.4999999999999,57.498705497622
22.4999999999999,57.4987054976221
23.5000000000003,57.498705497622
24.5000000000001,57.498705497622
138.5,57.498705497622
157.5,57.498705497622
158.5,57.498705497622
161.5,57.498705497622
162.5,57.498705497622
-156.5,58.4985983945657
-155.5,58.4985983945657
-154.5,58.4985983945657
-152.5,58.4985983945657
-135.5,58.4985983945656
-134.5,58.4985983945656
-94.4999999999996,58.4985983945656
-93.5000000000003,58.4985983945657
-92.4999999999999,58.4985983945658
-70.4999999999999,58.4985983945657
-69.5000000000003,58.4985983945657
-68.4999999999998,58.4985983945657
-67.5000000000003,58.4985983945657
-66.4999999999997,58.4985983945657
-65.5,58.4985983945657
-63.4999999999996,58.4985983945657
-62.5000000000001,58.4985983945657
-6.49999999999997,58.4985983945658
-4.49999999999959,58.4985983945656
-3.5000000000003,58.4985983945656
16.5000000000001,58.4985983945657
140.5,58.4985983945657
159.5,58.4985983945657
161.5,58.4985983945657
162.5,58.4985983945657
-160.5,59.4984848058418
-158.5,59.4984848058418
-156.5,59.4984848058418
-154.5,59.4984848058418
-153.5,59.4984848058418
-137.5,59.4984848058418
-136.5,59.4984848058418
-135.5,59.4984848058419
-94.4999999999998,59.4984848058418
-77.5000000000002,59.4984848058418
-70.5,59.4984848058418
-69.5000000000002,59.4984848058418
-68.4999999999999,59.4984848058418
-64.5000000000003,59.4984848058418
-63.4999999999996,59.4984848058418
-2.49999999999999,59.4984848058418
9.50000000000029,59.4984848058417
10.4999999999996,59.4984848058417
17.5000000000001,59.4984848058418
18.4999999999997,59.4984848058418
24.5,59.4984848058417
25.4999999999997,59.4984848058418
26.5000000000001,59.4984848058418
27.4999999999999,59.4984848058418
28.5000000000002,59.4984848058418
29.5,59.4984848058418
30.4999999999999,59.4984848058418
142.5,59.4984848058417
152.5,59.4984848058418
160.5,59.4984848058418
161.5,59.4984848058418
162.5,59.4984848058418
163.5,59.4984848058418
164.5,59.4984848058418
-166.5,60.498364209074
-165.5,60.498364209074
-163.5,60.498364209074
-162.5,60.498364209074
-161.5,60.498364209074
-153.5,60.498364209074
-152.5,60.498364209074
-150.5,60.4983642090741
-149.5,60.498364209074
-148.5,60.498364209074
-139.5,60.498364209074
-94.5,60.498364209074
-70.5000000000001,60.498364209074
-69.5000000000002,60.498364209074
-64.5000000000003,60.498364209074
6.49999999999997,60.498364209074
7.49999999999975,60.498364209074
17.5000000000001,60.498364209074
18.4999999999997,60.498364209074
154.5,60.498364209074
162.5,60.498364209074
163.5,60.498364209074
165.5,60.498364209074
-164.5,61.4982360071394
-151.5,61.4982360071394
-148.5,61.4982360071394
-94.4999999999999,61.4982360071394
-72.5000000000001,61.4982360071394
-71.4999999999999,61.4982360071394
-70.5000000000001,61.4982360071394
-69.5000000000003,61.4982360071394
-47.4999999999996,61.4982360071394
-46.5,61.4982360071394
-42.5000000000004,61.4982360071394
5.50000000000013,61.4982360071394
6.49999999999986,61.4982360071394
7.49999999999974,61.4982360071394
17.5,61.4982360071394
156.5,61.4982360071394
160.5,61.4982360071394
161.5,61.4982360071394
164.5,61.4982360071394
172.5,61.4982360071394
-164.5,62.4980995142925
-93.4999999999999,62.4980995142926
-79.5000000000001,62.4980995142926
-77.5000000000003,62.4980995142926
-76.5,62.4980995142925
-75.5000000000001,62.4980995142925
-74.5,62.4980995142925
-73.4999999999998,62.4980995142925
-72.5000000000001,62.4980995142925
-48.5000000000002,62.4980995142926
-42.5000000000003,62.4980995142926
5.50000000000029,62.4980995142925
6.49999999999989,62.4980995142926
7.49999999999967,62.4980995142926
8.50000000000013,62.4980995142926
17.5,62.4980995142925
163.5,62.4980995142925
165.5,62.4980995142925
175.5,62.4980995142925
-163.5,63.4979539391408
-162.5,63.4979539391407
-161.5,63.4979539391408
-160.5,63.4979539391407
-93.4999999999999,63.4979539391408
-92.5000000000003,63.4979539391407
-91.5,63.4979539391407
-90.4999999999998,63.4979539391408
-70.5,63.4979539391407
-68.5,63.4979539391408
-67.5000000000001,63.4979539391408
-65.4999999999999,63.4979539391408
-64.5000000000005,63.4979539391408
-49.5000000000001,63.4979539391408
-42.5000000000001,63.4979539391407
-41.4999999999999,63.4979539391407
9.50000000000014,63.4979539391408
10.4999999999999,63.4979539391408
11.5,63.4979539391408
18.4999999999998,63.4979539391408
22.4999999999999,63.4979539391408
23.5000000000002,63.4979539391408
36.5000000000003,63.4979539391407
37.5,63.4979539391408
38.4999999999999,63.4979539391408
178.5,63.4979539391407
179.5,63.4979539391408
-93.5000000000001,64.4977983636338
-90.4999999999999,64.4977983636338
-89.5000000000001,64.4977983636338
-88.5,64.4977983636339
-83.4999999999999,64.4977983636338
-82.5000000000003,64.4977983636338
-77.5000000000003,64.4977983636338
-66.4999999999998,64.4977983636338
-65.4999999999999,64.4977983636338
-64.5000000000004,64.4977983636339
-50.4999999999998,64.4977983636338
-41.4999999999999,64.4977983636339
-40.4999999999997,64.4977983636338
-21.5,64.4977983636338
-16.5000000000001,64.4977983636338
11.4999999999998,64.4977983636338
20.5,64.4977983636338
24.5000000000001,64.4977983636338
25.4999999999997,64.4977983636339
34.5,64.4977983636338
35.4999999999997,64.4977983636338
36.5000000000003,64.4977983636339
39.5000000000002,64.4977983636338
40.4999999999996,64.4977983636338
174.5,64.4977983636338
175.5,64.4977983636338
176.5,64.4977983636338
177.5,64.4977983636338
178.5,64.4977983636339
-172.5,65.4976317168981
-91.5,65.4976317168981
-90.4999999999999,65.4976317168981
-89.5000000000001,65.4976317168981
-88.5,65.4976317168981
-87.4999999999998,65.4976317168981
-85.5000000000001,65.4976317168981
-84.4999999999997,65.4976317168982
-83.5000000000002,65.4976317168981
-77.5000000000002,65.4976317168981
-76.4999999999997,65.4976317168981
-75.5000000000002,65.4976317168981
-74.5000000000001,65.4976317168981
-73.4999999999998,65.4976317168982
-68.4999999999998,65.4976317168982
-67.5000000000003,65.4976317168981
-66.4999999999998,65.4976317168981
-51.5,65.4976317168981
-50.4999999999999,65.4976317168981
-41.5,65.4976317168981
-40.4999999999998,65.4976317168981
-22.4999999999997,65.4976317168981
-21.5,65.4976317168981
-20.5000000000001,65.4976317168981
-19.5,65.4976317168981
-18.4999999999996,65.4976317168981
-17.5000000000001,65.4976317168981
-14.4999999999999,65.4976317168981
-13.5000000000003,65.4976317168981
12.5000000000001,65.4976317168981
13.5000000000003,65.4976317168981
21.5,65.4976317168981
34.5,65.4976317168981
37.4999999999999,65.4976317168981
176.5,65.4976317168981
177.5,65.4976317168981
179.5,65.4976317168981
-179.5,66.4974527424134
-174.5,66.4974527424134
-173.5,66.4974527424134
-172.5,66.4974527424135
-171.5,66.4974527424135
-170.5,66.4974527424135
-165.5,66.4974527424134
-164.5,66.4974527424134
-163.5,66.4974527424134
-162.5,66.4974527424135
-161.5,66.4974527424135
-160.5,66.4974527424135
-108.5,66.4974527424135
-107.5,66.4974527424135
-96.4999999999997,66.4974527424135
-95.5000000000002,66.4974527424134
-86.5,66.4974527424135
-83.5000000000002,66.4974527424134
-73.4999999999997,66.4974527424134
-72.5,66.4974527424135
-68.5,66.4974527424134
-67.5000000000002,66.4974527424135
-63.4999999999994,66.4974527424134
-62.5000000000001,66.4974527424135
-38.4999999999999,66.4974527424135
-36.5000000000001,66.4974527424134
-35.4999999999999,66.4974527424135
-21.4999999999999,66.4974527424134
-19.4999999999998,66.4974527424135
-18.4999999999996,66.4974527424135
-17.5000000000001,66.4974527424135
-16.5000000000003,66.4974527424134
-15.5,66.4974527424134
-14.4999999999999,66.4974527424134
13.5000000000001,66.4974527424134
14.4999999999999,66.4974527424134
32.4999999999997,66.4974527424135
33.5000000000002,66.4974527424135
34.5,66.4974527424135
41.4999999999999,66.4974527424135
42.5000000000003,66.4974527424135
43.4999999999999,66.4974527424135
44.5,66.4974527424135
45.5,66.4974527424135
46.5000000000001,66.4974527424135
47.4999999999997,66.4974527424135
69.5000000000001,66.4974527424135
70.5,66.4974527424135
71.5000000000002,66.4974527424135
72.5,66.4974527424135
73.4999999999997,66.4974527424134
-176.5,67.4972599564363
-175.5,67.4972599564362
-174.5,67.4972599564363
-173.5,67.4972599564363
-172.5,67.4972599564363
-115.5,67.4972599564362
-114.5,67.4972599564362
-113.5,67.4972599564362
-112.5,67.4972599564362
-111.5,67.4972599564363
-110.5,67.4972599564363
-109.5,67.4972599564363
-108.5,67.4972599564362
-103.5,67.4972599564363
-102.5,67.4972599564363
-101.5,67.4972599564362
-100.5,67.4972599564362
-99.5000000000004,67.4972599564362
-98.4999999999999,67.4972599564362
-97.4999999999999,67.4972599564363
-96.4999999999999,67.4972599564363
-95.5000000000002,67.4972599564363
-88.5,67.4972599564363
-87.4999999999999,67.4972599564362
-86.4999999999997,67.4972599564363
-84.4999999999998,67.4972599564363
-82.5000000000001,67.4972599564363
-81.5000000000001,67.4972599564362
-66.4999999999998,67.4972599564362
-65.5000000000001,67.4972599564362
-64.5000000000003,67.4972599564363
-63.4999999999995,67.4972599564363
-52.4999999999999,67.4972599564363
-51.5,67.4972599564362
-50.5,67.4972599564362
15.4999999999999,67.4972599564363
16.5000000000003,67.4972599564363
31.5000000000001,67.4972599564363
32.4999999999998,67.4972599564363
40.4999999999998,67.4972599564362
41.4999999999999,67.4972599564362
45.5000000000002,67.4972599564363
48.5000000000001,67.4972599564362
49.5,67.4972599564362
71.5000000000002,67.4972599564363
74.5000000000001,67.4972599564363
77.5000000000001,67.4972599564363
78.4999999999997,67.4972599564362
-179.5,68.4970515948266
-178.5,68.4970515948266
-177.5,68.4970515948266
-176.5,68.4970515948266
-164.5,68.4970515948266
-137.5,68.4970515948266
-136.5,68.4970515948266
-135.5,68.4970515948266
-133.5,68.4970515948266
-132.5,68.4970515948267
-117.5,68.4970515948266
-116.5,68.4970515948266
-115.5,68.4970515948266
-108.5,68.4970515948266
-106.5,68.4970515948266
-105.5,68.4970515948266
-104.5,68.4970515948266
-97.4999999999999,68.4970515948266
-96.4999999999997,68.4970515948266
-94.4999999999997,68.4970515948266
-93.5000000000001,68.4970515948266
-90.5000000000001,68.4970515948266
-89.4999999999999,68.4970515948266
-88.5000000000001,68.4970515948266
-85.5000000000003,68.4970515948266
-84.4999999999996,68.4970515948266
-82.5000000000003,68.4970515948266
-76.5000000000001,68.4970515948266
-75.4999999999998,68.4970515948266
-73.4999999999998,68.4970515948267
-69.5000000000003,68.4970515948266
-68.4999999999996,68.4970515948266
-67.5000000000003,68.4970515948266
-65.5,68.4970515948267
-64.5000000000004,68.4970515948266
-52.5000000000001,68.4970515948266
-51.4999999999999,68.4970515948266
-50.5,68.4970515948266
-32.4999999999999,68.4970515948266
13.5,68.4970515948266
16.5000000000002,68.4970515948267
17.4999999999999,68.4970515948266
36.5000000000001,68.4970515948266
37.5000000000002,68.4970515948266
38.4999999999999,68.4970515948266
39.5,68.4970515948267
45.5000000000003,68.4970515948266
46.4999999999997,68.4970515948266
50.5,68.4970515948266
51.4999999999999,68.4970515948266
52.5,68.4970515948266
53.5000000000001,68.4970515948266
55.5000000000002,68.4970515948266
56.5,68.4970515948266
57.5000000000001,68.4970515948266
58.4999999999999,68.4970515948266
59.5,68.4970515948266
60.5000000000001,68.4970515948267
66.4999999999998,68.4970515948267
67.5000000000003,68.4970515948266
68.4999999999996,68.4970515948266
69.5000000000003,68.4970515948266
72.5000000000001,68.4970515948266
73.4999999999998,68.4970515948266
75.4999999999998,68.4970515948266
76.5000000000001,68.4970515948266
77.5,68.4970515948266
160.5,68.4970515948267
161.5,68.4970515948266
169.500000000001,68.4970515948266
170.5,68.4970515948266
179.5,68.4970515948266
-162.5,69.4968255443312
-145.5,69.4968255443311
-144.5,69.4968255443312
-142.5,69.4968255443312
-141.5,69.4968255443312
-140.5,69.4968255443312
-139.5,69.4968255443311
-138.5,69.4968255443312
-137.5,69.4968255443312
-134.5,69.4968255443312
-133.5,69.4968255443312
-132.5,69.4968255443312
-131.5,69.4968255443312
-130.5,69.4968255443312
-129.5,69.4968255443312
-128.5,69.4968255443312
-126.5,69.4968255443312
-125.5,69.4968255443312
-124.5,69.4968255443312
-123.5,69.4968255443312
-122.5,69.4968255443312
-121.5,69.4968255443312
-120.5,69.4968255443312
-119.5,69.4968255443312
-118.5,69.4968255443312
-117.5,69.4968255443312
-107.5,69.4968255443312
-103.5,69.4968255443312
-102.5,69.4968255443312
-101.5,69.4968255443312
-99.5000000000003,69.4968255443312
-98.5000000000001,69.4968255443312
-97.5,69.4968255443312
-96.4999999999996,69.4968255443312
-95.5000000000001,69.4968255443312
-93.4999999999997,69.4968255443312
-92.5000000000002,69.4968255443312
-91.5000000000001,69.4968255443311
-90.4999999999999,69.4968255443311
-88.4999999999999,69.4968255443311
-83.5,69.4968255443312
-82.5000000000005,69.4968255443312
-81.4999999999999,69.4968255443312
-78.4999999999999,69.4968255443312
-75.4999999999999,69.4968255443312
-74.5000000000002,69.4968255443311
-69.5000000000005,69.4968255443312
-68.4999999999996,69.4968255443312
-67.5000000000002,69.4968255443312
-50.5,69.4968255443312
-27.4999999999998,69.4968255443312
-25.4999999999998,69.4968255443311
18.4999999999999,69.4968255443312
19.5000000000001,69.4968255443312
20.4999999999998,69.4968255443312
21.5000000000002,69.4968255443312
23.5000000000002,69.4968255443312
29.4999999999997,69.4968255443312
30.5000000000001,69.4968255443312
31.5000000000003,69.4968255443312
32.4999999999999,69.4968255443312
33.4999999999998,69.4968255443312
34.5000000000002,69.4968255443312
35.5,69.4968255443312
36.5,69.4968255443312
49.4999999999999,69.4968255443311
61.4999999999999,69.4968255443312
62.5000000000002,69.4968255443312
63.4999999999996,69.4968255443312
64.5000000000003,69.4968255443312
65.5000000000001,69.4968255443311
66.4999999999999,69.4968255443311
72.5000000000003,69.4968255443312
159.5,69.4968255443312
160.5,69.4968255443312
161.5,69.4968255443312
162.5,69.4968255443312
163.5,69.4968255443311
164.5,69.4968255443312
165.5,69.4968255443312
166.5,69.4968255443312
167.5,69.4968255443312
168.5,69.4968255443312
169.5,69.4968255443312
171.5,69.4968255443312
172.5,69.4968255443312
173.5,69.4968255443312
174.5,69.4968255443312
175.5,69.4968255443312
176.5,69.4968255443312
177.5,69.4968255443312
178.5,69.4968255443311
179.5,69.4968255443311
-161.5,70.4965792527237
-160.5,70.4965792527237
-159.5,70.4965792527237
-158.5,70.4965792527237
-157.5,70.4965792527237
-156.5,70.4965792527237
-155.5,70.4965792527237
-154.5,70.4965792527237
-153.5,70.4965792527237
-152.5,70.4965792527237
-151.5,70.4965792527237
-150.5,70.4965792527237
-149.5,70.4965792527237
-148.5,70.4965792527237
-147.5,70.4965792527237
-146.5,70.4965792527237
-145.5,70.4965792527237
-143.5,70.4965792527237
-142.5,70.4965792527237
-130.5,70.4965792527237
-129.5,70.4965792527237
-127.5,70.4965792527237
-126.5,70.4965792527237
-116.5,70.4965792527237
-115.5,70.4965792527237
-114.5,70.4965792527237
-113.5,70.4965792527237
-112.5,70.4965792527237
-111.5,70.4965792527237
-104.5,70.4965792527237
-103.5,70.4965792527237
-102.5,70.4965792527237
-101.5,70.4965792527237
-100.5,70.4965792527237
-95.4999999999999,70.4965792527237
-92.5000000000001,70.4965792527237
-83.5,70.4965792527237
-81.4999999999998,70.4965792527237
-79.5,70.4965792527237
-78.4999999999998,70.4965792527237
-77.5000000000002,70.4965792527237
-72.5,70.4965792527237
-71.5000000000001,70.4965792527237
-70.5000000000001,70.4965792527237
-69.5000000000003,70.4965792527237
-67.5000000000001,70.4965792527237
-53.5,70.4965792527237
-52.5000000000002,70.4965792527237
-29.4999999999999,70.4965792527237
-28.5000000000001,70.4965792527237
-27.4999999999997,70.4965792527236
-26.5000000000003,70.4965792527237
-25.4999999999998,70.4965792527237
-24.5,70.4965792527237
-23.5000000000002,70.4965792527237
-22.4999999999999,70.4965792527237
19.5000000000003,70.4965792527237
23.5000000000003,70.4965792527237
24.5,70.4965792527237
25.4999999999998,70.4965792527237
26.5000000000003,70.4965792527237
27.4999999999997,70.4965792527236
28.5000000000001,70.4965792527237
29.4999999999999,70.4965792527237
59.5000000000001,70.4965792527237
60.4999999999998,70.4965792527237
72.5,70.4965792527237
74.5000000000002,70.4965792527237
78.4999999999998,70.4965792527237
79.5,70.4965792527237
82.5000000000004,70.4965792527237
83.5,70.4965792527237
130.5,70.4965792527237
131.5,70.4965792527237
151.5,70.4965792527237
152.5,70.4965792527237
153.5,70.4965792527237
154.5,70.4965792527237
158.5,70.4965792527237
159.5,70.4965792527237
171.5,70.4965792527237
-179.5,71.4963096098232
-178.5,71.4963096098232
-156.5,71.4963096098232
-155.5,71.4963096098232
-154.5,71.4963096098232
-117.5,71.4963096098232
-116.5,71.4963096098232
-115.5,71.4963096098232
-108.5,71.4963096098232
-107.5,71.4963096098232
-104.5,71.4963096098232
-95.5000000000001,71.4963096098232
-94.4999999999999,71.4963096098232
-93.5000000000002,71.4963096098232
-92.4999999999999,71.4963096098232
-88.4999999999999,71.4963096098232
-86.4999999999997,71.4963096098232
-85.5000000000001,71.4963096098232
-84.4999999999999,71.4963096098232
-80.5000000000001,71.4963096098232
-78.4999999999999,71.4963096098232
-75.4999999999999,71.4963096098232
-74.5,71.4963096098232
-73.5000000000002,71.4963096098232
-72.4999999999996,71.4963096098232
-71.5,71.4963096098232
-70.5000000000003,71.4963096098232
-28.5000000000005,71.4963096098232
-27.4999999999997,71.4963096098232
-26.5000000000002,71.4963096098232
-25.4999999999997,71.4963096098232
-22.4999999999999,71.4963096098232
-21.5,71.4963096098232
24.5000000000001,71.4963096098232
26.5000000000001,71.4963096098232
28.5000000000005,71.4963096098232
53.4999999999998,71.4963096098232
54.5000000000002,71.4963096098232
55.5000000000002,71.4963096098232
56.4999999999998,71.4963096098232
67.5000000000001,71.4963096098232
68.4999999999998,71.4963096098232
71.5000000000001,71.4963096098232
72.4999999999996,71.4963096098232
74.5,71.4963096098232
75.4999999999999,71.4963096098232
76.5000000000001,71.4963096098232
77.5,71.4963096098232
79.5,71.4963096098232
80.5000000000001,71.4963096098232
81.4999999999999,71.4963096098232
82.5000000000003,71.4963096098232
128.5,71.4963096098232
129.5,71.4963096098232
130.5,71.4963096098232
132.5,71.4963096098232
133.5,71.4963096098232
134.5,71.4963096098232
135.5,71.4963096098232
136.5,71.4963096098232
137.5,71.4963096098232
138.5,71.4963096098232
139.5,71.4963096098232
144.5,71.4963096098232
145.5,71.4963096098232
146.5,71.4963096098232
148.5,71.4963096098232
149.5,71.4963096098232
150.5,71.4963096098232
151.5,71.4963096098232
152.5,71.4963096098232
155.5,71.4963096098232
156.5,71.4963096098232
157.5,71.4963096098232
158.5,71.4963096098232
179.5,71.4963096098232
-124.5,72.4960127877228
-120.5,72.4960127877228
-117.5,72.4960127877228
-116.5,72.4960127877228
-114.5,72.4960127877228
-113.5,72.4960127877228
-112.5,72.4960127877228
-111.5,72.4960127877228
-110.5,72.4960127877228
-109.5,72.4960127877228
-108.5,72.4960127877228
-105.5,72.4960127877228
-104.5,72.4960127877228
-98.5000000000002,72.4960127877228
-97.5,72.4960127877228
-96.4999999999998,72.4960127877228
-94.4999999999999,72.4960127877228
-86.4999999999999,72.4960127877228
-85.5000000000001,72.4960127877228
-84.4999999999999,72.4960127877228
-81.4999999999998,72.4960127877228
-80.4999999999999,72.4960127877228
-79.5000000000003,72.4960127877228
-77.4999999999999,72.4960127877228
-76.5,72.4960127877228
-75.5,72.4960127877228
-74.5,72.4960127877228
-54.5,72.4960127877228
-53.4999999999999,72.4960127877228
-26.5000000000001,72.4960127877228
-25.4999999999997,72.4960127877228
-24.5000000000001,72.4960127877228
-23.5,72.4960127877228
-22.5,72.4960127877228
52.5000000000001,72.4960127877228
53.4999999999999,72.4960127877228
55.5000000000002,72.4960127877228
69.5,72.4960127877228
70.5000000000003,72.4960127877228
71.5,72.4960127877228
72.4999999999998,72.4960127877228
75.5,72.4960127877228
79.5000000000003,72.4960127877228
80.4999999999999,72.4960127877228
105.5,72.4960127877228
106.5,72.4960127877228
113.5,72.4960127877228
119.5,72.4960127877228
120.5,72.4960127877228
121.5,72.4960127877228
122.5,72.4960127877228
123.5,72.4960127877228
127.5,72.4960127877228
128.5,72.4960127877228
129.5,72.4960127877228
140.5,72.4960127877228
141.5,72.4960127877228
142.5,72.4960127877228
143.5,72.4960127877228
144.5,72.4960127877228
145.5,72.4960127877228
146.5,72.4960127877228
147.5,72.4960127877228
148.5,72.4960127877228
149.5,72.4960127877228
-123.5,73.4956840229422
-117.5,73.4956840229422
-115.5,73.4956840229422
-114.5,73.4956840229422
-112.5,73.4956840229422
-107.5,73.4956840229422
-106.5,73.4956840229422
-105.5,73.4956840229423
-101.5,73.4956840229423
-99.5000000000004,73.4956840229422
-98.5000000000002,73.4956840229422
-97.4999999999997,73.4956840229422
-96.4999999999998,73.4956840229423
-94.4999999999996,73.4956840229422
-92.5000000000006,73.4956840229422
-91.4999999999999,73.4956840229422
-88.5000000000001,73.4956840229422
-87.4999999999994,73.4956840229422
-86.5000000000001,73.4956840229422
-84.4999999999996,73.4956840229422
-83.4999999999999,73.4956840229422
-82.5000000000007,73.4956840229422
-81.4999999999998,73.4956840229422
-80.4999999999996,73.4956840229422
-79.5000000000003,73.4956840229422
-78.4999999999999,73.4956840229422
-77.5000000000001,73.4956840229422
-76.4999999999998,73.4956840229422
-27.4999999999998,73.4956840229423
-26.5,73.4956840229423
-25.4999999999999,73.4956840229422
-23.5000000000002,73.4956840229422
-22.4999999999999,73.4956840229422
54.4999999999999,73.4956840229422
55.5,73.4956840229422
56.5000000000001,73.4956840229422
79.5000000000003,73.4956840229422
81.4999999999998,73.4956840229422
82.5000000000007,73.4956840229422
83.4999999999999,73.4956840229422
84.4999999999996,73.4956840229422
85.5000000000004,73.4956840229422
86.5000000000001,73.4956840229422
87.4999999999994,73.4956840229422
105.5,73.4956840229423
107.5,73.4956840229422
108.5,73.4956840229422
109.5,73.4956840229422
110.5,73.4956840229422
111.5,73.4956840229423
112.5,73.4956840229423
113.5,73.4956840229422
114.5,73.4956840229422
115.5,73.4956840229422
116.5,73.4956840229422
117.5,73.4956840229422
118.5,73.4956840229422
119.5,73.4956840229422
120.5,73.4956840229422
124.5,73.4956840229422
125.5,73.4956840229422
126.5,73.4956840229422
127.5,73.4956840229422
128.5,73.4956840229422
129.5,73.4956840229422
-123.5,74.4953173142654
-122.5,74.4953173142654
-121.5,74.4953173142655
-120.5,74.4953173142654
-119.5,74.4953173142654
-118.5,74.4953173142654
-117.5,74.4953173142654
-116.5,74.4953173142654
-97.4999999999996,74.4953173142654
-94.4999999999994,74.4953173142654
-93.5000000000002,74.4953173142654
-92.5000000000005,74.4953173142654
-89.5000000000004,74.4953173142654
-22.4999999999999,74.4953173142654
55.5,74.4953173142655
56.5,74.4953173142654
57.5000000000002,74.4953173142654
58.4999999999998,74.4953173142655
84.4999999999995,74.4953173142654
87.4999999999995,74.4953173142654
108.5,74.4953173142654
110.5,74.4953173142654
136.5,74.4953173142654
141.5,74.4953173142654
-114.5,75.4949049955595
-111.5,75.4949049955595
-110.5,75.4949049955595
-109.5,75.4949049955595
-108.5,75.4949049955595
-107.5,75.4949049955595
-106.5,75.4949049955595
-99.5000000000004,75.4949049955595
-98.5000000000001,75.4949049955595
-95.5000000000001,75.4949049955595
-94.4999999999998,75.4949049955595
-93.5000000000002,75.4949049955595
-90.4999999999998,75.4949049955595
-89.5000000000002,75.4949049955595
-88.5000000000001,75.4949049955595
-87.4999999999998,75.4949049955595
-86.4999999999998,75.4949049955595
-85.5000000000003,75.4949049955595
-84.4999999999999,75.4949049955595
-83.4999999999998,75.4949049955595
-82.5000000000006,75.4949049955595
-81.5,75.4949049955595
-80.4999999999996,75.4949049955595
-79.5000000000003,75.4949049955595
-22.4999999999998,75.4949049955595
-21.4999999999998,75.4949049955595
-20.5000000000002,75.4949049955595
56.4999999999998,75.4949049955595
57.5000000000004,75.4949049955595
58.4999999999998,75.4949049955595
59.5,75.4949049955595
60.5000000000001,75.4949049955595
88.5000000000001,75.4949049955595
89.5000000000002,75.4949049955595
90.4999999999998,75.4949049955595
91.4999999999999,75.4949049955595
92.5000000000002,75.4949049955595
93.5000000000002,75.4949049955595
94.4999999999998,75.4949049955595
95.5000000000001,75.4949049955595
96.4999999999998,75.4949049955595
97.5,75.4949049955595
99.5000000000004,75.4949049955595
112.5,75.4949049955595
139.5,75.4949049955595
140.5,75.4949049955595
141.5,75.4949049955595
143.5,75.4949049955595
148.5,75.4949049955595
149.5,75.4949049955595
150.5,75.4949049955595
-120.499999999999,76.494437118767
-119.5,76.494437118767
-117.5,76.494437118767
-115.5,76.494437118767
-114.5,76.494437118767
-113.5,76.494437118767
-112.5,76.494437118767
-111.5,76.494437118767
-108.5,76.494437118767
-107.5,76.494437118767
-105.5,76.494437118767
-102.5,76.494437118767
-100.5,76.494437118767
-98.4999999999999,76.494437118767
-97.5000000000002,76.494437118767
-91.4999999999999,76.494437118767
-90.4999999999999,76.494437118767
-89.5000000000001,76.494437118767
-66.4999999999997,76.494437118767
-22.4999999999998,76.494437118767
-21.4999999999998,76.494437118767
-20.5000000000002,76.494437118767
61.5,76.494437118767
62.5,76.494437118767
63.4999999999997,76.494437118767
64.5000000000002,76.494437118767
65.5000000000001,76.494437118767
66.4999999999997,76.494437118767
93.5,76.494437118767
94.5,76.494437118767
95.5,76.494437118767
96.4999999999997,76.494437118767
97.5000000000002,76.494437118767
98.4999999999999,76.494437118767
99.5000000000004,76.494437118767
100.5,76.494437118767
101.5,76.494437118767
105.5,76.494437118767
106.5,76.494437118767
107.5,76.494437118767
108.5,76.494437118767
109.5,76.494437118767
110.5,76.494437118767
111.5,76.494437118767
112.5,76.494437118767
113.5,76.494437118767
138.5,76.494437118767
139.5,76.494437118767
141.5,76.494437118767
142.5,76.494437118767
-119.5,77.4939005407418
-118.5,77.4939005407419
-117.5,77.4939005407419
-116.5,77.4939005407419
-115.5,77.4939005407419
-95.5000000000001,77.4939005407419
-87.4999999999996,77.4939005407419
-86.5,77.4939005407418
-85.4999999999999,77.4939005407419
-84.4999999999999,77.4939005407419
-83.5000000000001,77.4939005407418
-82.5000000000003,77.4939005407418
-81.5,77.4939005407419
-80.4999999999997,77.4939005407418
-79.5000000000003,77.4939005407418
-70.4999999999999,77.4939005407418
-69.5000000000001,77.4939005407418
-68.5,77.4939005407418
-67.5000000000001,77.4939005407419
-66.5,77.4939005407419
-20.5000000000004,77.4939005407418
-19.5,77.4939005407419
-18.4999999999997,77.4939005407419
17.5000000000002,77.4939005407418
96.4999999999996,77.4939005407418
102.5,77.4939005407419
103.5,77.4939005407419
104.5,77.4939005407419
105.5,77.4939005407418
106.5,77.4939005407418
107.5,77.4939005407418
108.5,77.4939005407419
-111.5,78.4932775336902
-110.5,78.4932775336902
-109.5,78.4932775336903
-99.5000000000002,78.4932775336903
-96.4999999999994,78.4932775336902
-95.5000000000002,78.4932775336902
-84.4999999999998,78.4932775336902
-83.5000000000002,78.4932775336902
-82.5000000000003,78.4932775336903
-81.4999999999999,78.4932775336903
-78.4999999999998,78.4932775336903
-77.5,78.4932775336902
-76.4999999999999,78.4932775336902
-75.5000000000001,78.4932775336902
-71.4999999999999,78.4932775336903
-70.5000000000001,78.4932775336903
-69.5000000000001,78.4932775336902
-68.4999999999999,78.4932775336902
-21.4999999999999,78.4932775336902
-18.4999999999999,78.4932775336902
14.5,78.4932775336902
15.4999999999998,78.4932775336903
16.5000000000001,78.4932775336903
17.5000000000001,78.4932775336902
18.4999999999999,78.4932775336902
22.5000000000001,78.4932775336902
23.4999999999999,78.4932775336902
100.5,78.4932775336903
-103.5,79.4925436015971
-102.5,79.4925436015971
-101.5,79.4925436015971
-93.4999999999998,79.4925436015971
-92.5000000000005,79.4925436015971
-91.5000000000001,79.4925436015971
-88.4999999999999,79.4925436015971
-86.5000000000001,79.4925436015971
-85.5,79.4925436015971
-83.5000000000002,79.4925436015971
-82.5000000000002,79.4925436015971
-81.5,79.4925436015971
-80.4999999999996,79.4925436015971
-78.4999999999996,79.4925436015971
-77.5000000000002,79.4925436015971
-76.5,79.4925436015971
-67.5000000000001,79.4925436015971
-66.5,79.4925436015971
-65.4999999999999,79.4925436015971
-64.5000000000002,79.4925436015971
-20.4999999999999,79.4925436015971
-19.4999999999999,79.4925436015971
13.5,79.4925436015971
14.4999999999999,79.4925436015971
15.4999999999999,79.4925436015971
16.5000000000002,79.4925436015971
17.5000000000001,79.4925436015971
18.4999999999999,79.4925436015971
19.4999999999999,79.4925436015971
96.4999999999994,79.4925436015971
97.5000000000003,79.4925436015971
98.5,79.4925436015971
99.5000000000004,79.4925436015971
102.5,79.4925436015971
103.5,79.4925436015971
104.5,79.4925436015971
-99.5000000000005,80.4916639175871
-98.4999999999998,80.4916639175871
-95.5,80.4916639175871
-94.5,80.4916639175871
-93.5000000000001,80.4916639175871
-91.5000000000001,80.4916639175871
-90.4999999999997,80.4916639175871
-89.5000000000003,80.4916639175871
-88.4999999999999,80.4916639175871
-87.4999999999997,80.4916639175871
-85.5,80.4916639175871
-84.5,80.4916639175871
-83.5000000000001,80.4916639175871
-82.5000000000002,80.4916639175871
-81.5000000000002,80.4916639175871
-80.4999999999994,80.4916639175871
-79.5000000000006,80.4916639175871
-78.4999999999994,80.4916639175871
-77.5,80.4916639175871
-76.5000000000001,80.4916639175871
-72.5000000000001,80.4916639175871
-71.4999999999999,80.4916639175871
-70.4999999999999,80.4916639175871
-64.5000000000005,80.4916639175871
-63.4999999999997,80.4916639175871
-23.5000000000005,80.4916639175871
-22.4999999999998,80.4916639175871
-20.5000000000001,80.4916639175871
-18.4999999999998,80.4916639175871
-17.4999999999999,80.4916639175871
16.5000000000003,80.4916639175871
19.4999999999999,80.4916639175871
20.5000000000001,80.4916639175871
21.5000000000001,80.4916639175871
22.4999999999998,80.4916639175871
23.5000000000005,80.4916639175871
24.4999999999999,80.4916639175871
25.4999999999995,80.4916639175871
26.5000000000003,80.4916639175871
27.4999999999996,80.4916639175871
51.4999999999998,80.4916639175871
59.5,80.4916639175871
92.5000000000003,80.4916639175871
93.5000000000001,80.4916639175871
94.5,80.4916639175871
95.5,80.4916639175871
96.4999999999995,80.4916639175871
97.5000000000003,80.4916639175871
98.4999999999998,80.4916639175871
99.5000000000006,80.4916639175871
-94.4999999999998,81.4905872465243
-93.5000000000002,81.4905872465243
-92.5000000000003,81.4905872465243
-91.4999999999999,81.4905872465243
-87.4999999999997,81.4905872465243
-85.5000000000002,81.4905872465243
-84.5,81.4905872465243
-83.4999999999999,81.4905872465243
-80.4999999999996,81.4905872465243
-79.5000000000006,81.4905872465243
-77.4999999999998,81.4905872465243
-76.5000000000002,81.4905872465243
-68.4999999999998,81.4905872465243
-67.5000000000004,81.4905872465243
-66.4999999999995,81.4905872465243
-63.4999999999996,81.4905872465243
-62.5000000000001,81.4905872465243
-61.5,81.4905872465243
-60.5,81.4905872465243
-59.5000000000002,81.4905872465243
-58.4999999999998,81.4905872465243
-57.5000000000001,81.4905872465243
-56.4999999999999,81.4905872465243
-53.5,81.4905872465243
-52.5000000000001,81.4905872465243
-51.4999999999999,81.4905872465243
-50.4999999999999,81.4905872465243
-49.5,81.4905872465243
-46.5000000000001,81.4905872465243
-45.5000000000002,81.4905872465243
-44.5,81.4905872465243
-29.4999999999999,81.4905872465243
-28.5000000000003,81.4905872465243
-25.4999999999997,81.4905872465243
-24.4999999999999,81.4905872465243
-23.5000000000006,81.4905872465243
-22.4999999999997,81.4905872465243
-21.5,81.4905872465243
-20.5000000000002,81.4905872465243
-19.5,81.4905872465243
-18.4999999999996,81.4905872465243
-17.5,81.4905872465243
-16.5000000000001,81.4905872465243
-15.5000000000001,81.4905872465243
-14.4999999999999,81.4905872465243
55.5000000000002,81.4905872465243
56.4999999999999,81.4905872465243
57.5000000000001,81.4905872465243
61.5,81.4905872465243
65.5000000000001,81.4905872465243
94.4999999999998,81.4905872465243
95.5,81.4905872465243
96.4999999999998,81.4905872465243
-87.4999999999998,82.4892350057204
-85.5000000000003,82.4892350057204
-83.5,82.4892350057204
-82.5000000000001,82.4892350057204
-81.5000000000001,82.4892350057204
-80.4999999999998,82.4892350057204
-78.4999999999997,82.4892350057204
-77.4999999999998,82.4892350057204
-76.5000000000001,82.4892350057204
-75.5000000000002,82.4892350057204
-74.4999999999999,82.4892350057204
-73.5000000000001,82.4892350057204
-72.4999999999999,82.4892350057204
-71.4999999999998,82.4892350057204
-70.5000000000002,82.4892350057204
-68.4999999999996,82.4892350057204
-67.5000000000004,82.4892350057204
-66.4999999999997,82.4892350057204
-65.4999999999999,82.4892350057204
-64.5000000000004,82.4892350057204
-63.4999999999995,82.4892350057204
-62.5000000000004,82.4892350057204
-58.4999999999998,82.4892350057204
-57.5000000000001,82.4892350057204
-56.4999999999999,82.4892350057204
-55.5000000000002,82.4892350057204
-54.5,82.4892350057204
-53.5,82.4892350057204
-52.5,82.4892350057204
-51.4999999999999,82.4892350057204
-48.5,82.4892350057204
-47.4999999999998,82.4892350057204
-46.5000000000001,82.4892350057204
-43.4999999999997,82.4892350057204
-42.5000000000003,82.4892350057204
-41.5,82.4892350057204
-38.5,82.4892350057204
-32.4999999999999,82.4892350057204
-31.5000000000002,82.4892350057204
-27.4999999999998,82.4892350057204
-26.5000000000001,82.4892350057204
-25.4999999999997,82.4892350057204
-24.5000000000001,82.4892350057204
-21.5000000000002,82.4892350057204
-18.4999999999996,82.4892350057204
-76.5,83.4874802278987
-75.5000000000001,83.4874802278987
-74.5,83.4874802278987
-72.4999999999999,83.4874802278987
-71.4999999999999,83.4874802278987
-70.5,83.4874802278987
-69.5000000000004,83.4874802278987
-68.4999999999997,83.4874802278987
-45.5000000000001,83.4874802278987
-43.4999999999997,83.4874802278987
-42.5000000000001,83.4874802278987
-41.5,83.4874802278987
-40.4999999999998,83.4874802278987
-39.5000000000002,83.4874802278987
-38.4999999999999,83.4874802278987
-37.5000000000002,83.4874802278987
-36.5000000000002,83.4874802278987
-35.4999999999999,83.4874802278987
-34.4999999999998,83.4874802278987
-33.5000000000002,83.4874802278987
-30.4999999999999,83.4874802278987
-29.4999999999999,83.4874802278987
-28.5000000000004,83.4874802278987
-27.4999999999997,83.4874802278987
-26.5000000000002,83.4874802278987
-25.4999999999997,83.4874802278987
-24.5000000000001,83.4874802278987
